arm,seed,epoch,train_nll,val_nll,train_val_gap,val_nll_above_own_min,lr,secs,improved,is_retained_epoch,epochs_from_retained,n_epochs_run,note
m0d_clinical,20250720,0,0.608663,0.6324,0.023737,0.003777,0.000506,7.87,True,False,-2,11,"LOWER BOUND, not a measured train-validation gap: train_nll is accumulated in model.train() mode with dropout 0.3 and augmentation active and averaged across the epoch while the weights update, while val_nll is a single clean eval-mode pass on the epoch-end weights. All three differences inflate train_nll and the gap is val_nll - train_nll, so the true gap is at least this large and by an unknown margin"
m0d_clinical,20250720,1,0.604542,0.628757,0.024215,0.000133,0.001,7.89,True,False,-1,11,"LOWER BOUND, not a measured train-validation gap: train_nll is accumulated in model.train() mode with dropout 0.3 and augmentation active and averaged across the epoch while the weights update, while val_nll is a single clean eval-mode pass on the epoch-end weights. All three differences inflate train_nll and the gap is val_nll - train_nll, so the true gap is at least this large and by an unknown margin"
m0d_clinical,20250720,2,0.595459,0.628623,0.033164,0.0,0.000998,7.82,True,True,0,11,"LOWER BOUND, not a measured train-validation gap: train_nll is accumulated in model.train() mode with dropout 0.3 and augmentation active and averaged across the epoch while the weights update, while val_nll is a single clean eval-mode pass on the epoch-end weights. All three differences inflate train_nll and the gap is val_nll - train_nll, so the true gap is at least this large and by an unknown margin"
m0d_clinical,20250720,3,0.587412,0.629468,0.042056,0.000845,0.000993,7.96,False,False,1,11,"LOWER BOUND, not a measured train-validation gap: train_nll is accumulated in model.train() mode with dropout 0.3 and augmentation active and averaged across the epoch while the weights update, while val_nll is a single clean eval-mode pass on the epoch-end weights. All three differences inflate train_nll and the gap is val_nll - train_nll, so the true gap is at least this large and by an unknown margin"
m0d_clinical,20250720,4,0.580242,0.632807,0.052565,0.004184,0.000985,7.98,False,False,2,11,"LOWER BOUND, not a measured train-validation gap: train_nll is accumulated in model.train() mode with dropout 0.3 and augmentation active and averaged across the epoch while the weights update, while val_nll is a single clean eval-mode pass on the epoch-end weights. All three differences inflate train_nll and the gap is val_nll - train_nll, so the true gap is at least this large and by an unknown margin"
m0d_clinical,20250720,5,0.576651,0.635683,0.059032,0.007059,0.000973,8.01,False,False,3,11,"LOWER BOUND, not a measured train-validation gap: train_nll is accumulated in model.train() mode with dropout 0.3 and augmentation active and averaged across the epoch while the weights update, while val_nll is a single clean eval-mode pass on the epoch-end weights. All three differences inflate train_nll and the gap is val_nll - train_nll, so the true gap is at least this large and by an unknown margin"
m0d_clinical,20250720,6,0.572429,0.639093,0.066664,0.01047,0.000958,7.89,False,False,4,11,"LOWER BOUND, not a measured train-validation gap: train_nll is accumulated in model.train() mode with dropout 0.3 and augmentation active and averaged across the epoch while the weights update, while val_nll is a single clean eval-mode pass on the epoch-end weights. All three differences inflate train_nll and the gap is val_nll - train_nll, so the true gap is at least this large and by an unknown margin"
m0d_clinical,20250720,7,0.569506,0.638637,0.069131,0.010014,0.00094,7.84,False,False,5,11,"LOWER BOUND, not a measured train-validation gap: train_nll is accumulated in model.train() mode with dropout 0.3 and augmentation active and averaged across the epoch while the weights update, while val_nll is a single clean eval-mode pass on the epoch-end weights. All three differences inflate train_nll and the gap is val_nll - train_nll, so the true gap is at least this large and by an unknown margin"
m0d_clinical,20250720,8,0.566862,0.642401,0.075539,0.013778,0.000919,7.93,False,False,6,11,"LOWER BOUND, not a measured train-validation gap: train_nll is accumulated in model.train() mode with dropout 0.3 and augmentation active and averaged across the epoch while the weights update, while val_nll is a single clean eval-mode pass on the epoch-end weights. All three differences inflate train_nll and the gap is val_nll - train_nll, so the true gap is at least this large and by an unknown margin"
m0d_clinical,20250720,9,0.562767,0.644771,0.082004,0.016148,0.000895,7.99,False,False,7,11,"LOWER BOUND, not a measured train-validation gap: train_nll is accumulated in model.train() mode with dropout 0.3 and augmentation active and averaged across the epoch while the weights update, while val_nll is a single clean eval-mode pass on the epoch-end weights. All three differences inflate train_nll and the gap is val_nll - train_nll, so the true gap is at least this large and by an unknown margin"
m0d_clinical,20250720,10,0.558525,0.645932,0.087407,0.017309,0.000868,7.95,False,False,8,11,"LOWER BOUND, not a measured train-validation gap: train_nll is accumulated in model.train() mode with dropout 0.3 and augmentation active and averaged across the epoch while the weights update, while val_nll is a single clean eval-mode pass on the epoch-end weights. All three differences inflate train_nll and the gap is val_nll - train_nll, so the true gap is at least this large and by an unknown margin"
m0d_clinical,20250721,0,0.609018,0.634011,0.024994,0.005076,0.000506,8.05,True,False,-2,11,"LOWER BOUND, not a measured train-validation gap: train_nll is accumulated in model.train() mode with dropout 0.3 and augmentation active and averaged across the epoch while the weights update, while val_nll is a single clean eval-mode pass on the epoch-end weights. All three differences inflate train_nll and the gap is val_nll - train_nll, so the true gap is at least this large and by an unknown margin"
m0d_clinical,20250721,1,0.60367,0.629632,0.025962,0.000696,0.001,8.05,True,False,-1,11,"LOWER BOUND, not a measured train-validation gap: train_nll is accumulated in model.train() mode with dropout 0.3 and augmentation active and averaged across the epoch while the weights update, while val_nll is a single clean eval-mode pass on the epoch-end weights. All three differences inflate train_nll and the gap is val_nll - train_nll, so the true gap is at least this large and by an unknown margin"
m0d_clinical,20250721,2,0.595435,0.628935,0.033501,0.0,0.000998,7.94,True,True,0,11,"LOWER BOUND, not a measured train-validation gap: train_nll is accumulated in model.train() mode with dropout 0.3 and augmentation active and averaged across the epoch while the weights update, while val_nll is a single clean eval-mode pass on the epoch-end weights. All three differences inflate train_nll and the gap is val_nll - train_nll, so the true gap is at least this large and by an unknown margin"
m0d_clinical,20250721,3,0.586228,0.631632,0.045404,0.002696,0.000993,8.02,False,False,1,11,"LOWER BOUND, not a measured train-validation gap: train_nll is accumulated in model.train() mode with dropout 0.3 and augmentation active and averaged across the epoch while the weights update, while val_nll is a single clean eval-mode pass on the epoch-end weights. All three differences inflate train_nll and the gap is val_nll - train_nll, so the true gap is at least this large and by an unknown margin"
m0d_clinical,20250721,4,0.580436,0.631755,0.051319,0.00282,0.000985,7.94,False,False,2,11,"LOWER BOUND, not a measured train-validation gap: train_nll is accumulated in model.train() mode with dropout 0.3 and augmentation active and averaged across the epoch while the weights update, while val_nll is a single clean eval-mode pass on the epoch-end weights. All three differences inflate train_nll and the gap is val_nll - train_nll, so the true gap is at least this large and by an unknown margin"
m0d_clinical,20250721,5,0.577307,0.635944,0.058638,0.007009,0.000973,7.88,False,False,3,11,"LOWER BOUND, not a measured train-validation gap: train_nll is accumulated in model.train() mode with dropout 0.3 and augmentation active and averaged across the epoch while the weights update, while val_nll is a single clean eval-mode pass on the epoch-end weights. All three differences inflate train_nll and the gap is val_nll - train_nll, so the true gap is at least this large and by an unknown margin"
m0d_clinical,20250721,6,0.571327,0.637549,0.066223,0.008614,0.000958,7.92,False,False,4,11,"LOWER BOUND, not a measured train-validation gap: train_nll is accumulated in model.train() mode with dropout 0.3 and augmentation active and averaged across the epoch while the weights update, while val_nll is a single clean eval-mode pass on the epoch-end weights. All three differences inflate train_nll and the gap is val_nll - train_nll, so the true gap is at least this large and by an unknown margin"
m0d_clinical,20250721,7,0.567592,0.641605,0.074013,0.01267,0.00094,8.01,False,False,5,11,"LOWER BOUND, not a measured train-validation gap: train_nll is accumulated in model.train() mode with dropout 0.3 and augmentation active and averaged across the epoch while the weights update, while val_nll is a single clean eval-mode pass on the epoch-end weights. All three differences inflate train_nll and the gap is val_nll - train_nll, so the true gap is at least this large and by an unknown margin"
m0d_clinical,20250721,8,0.564189,0.646545,0.082355,0.01761,0.000919,7.98,False,False,6,11,"LOWER BOUND, not a measured train-validation gap: train_nll is accumulated in model.train() mode with dropout 0.3 and augmentation active and averaged across the epoch while the weights update, while val_nll is a single clean eval-mode pass on the epoch-end weights. All three differences inflate train_nll and the gap is val_nll - train_nll, so the true gap is at least this large and by an unknown margin"
m0d_clinical,20250721,9,0.559393,0.647129,0.087737,0.018194,0.000895,8.0,False,False,7,11,"LOWER BOUND, not a measured train-validation gap: train_nll is accumulated in model.train() mode with dropout 0.3 and augmentation active and averaged across the epoch while the weights update, while val_nll is a single clean eval-mode pass on the epoch-end weights. All three differences inflate train_nll and the gap is val_nll - train_nll, so the true gap is at least this large and by an unknown margin"
m0d_clinical,20250721,10,0.557808,0.650089,0.092281,0.021153,0.000868,8.03,False,False,8,11,"LOWER BOUND, not a measured train-validation gap: train_nll is accumulated in model.train() mode with dropout 0.3 and augmentation active and averaged across the epoch while the weights update, while val_nll is a single clean eval-mode pass on the epoch-end weights. All three differences inflate train_nll and the gap is val_nll - train_nll, so the true gap is at least this large and by an unknown margin"
m0d_clinical,20250722,0,0.608557,0.632405,0.023847,0.004341,0.000506,7.92,True,False,-2,11,"LOWER BOUND, not a measured train-validation gap: train_nll is accumulated in model.train() mode with dropout 0.3 and augmentation active and averaged across the epoch while the weights update, while val_nll is a single clean eval-mode pass on the epoch-end weights. All three differences inflate train_nll and the gap is val_nll - train_nll, so the true gap is at least this large and by an unknown margin"
m0d_clinical,20250722,1,0.603747,0.628408,0.024661,0.000344,0.001,7.87,True,False,-1,11,"LOWER BOUND, not a measured train-validation gap: train_nll is accumulated in model.train() mode with dropout 0.3 and augmentation active and averaged across the epoch while the weights update, while val_nll is a single clean eval-mode pass on the epoch-end weights. All three differences inflate train_nll and the gap is val_nll - train_nll, so the true gap is at least this large and by an unknown margin"
m0d_clinical,20250722,2,0.593973,0.628064,0.034091,0.0,0.000998,7.84,True,True,0,11,"LOWER BOUND, not a measured train-validation gap: train_nll is accumulated in model.train() mode with dropout 0.3 and augmentation active and averaged across the epoch while the weights update, while val_nll is a single clean eval-mode pass on the epoch-end weights. All three differences inflate train_nll and the gap is val_nll - train_nll, so the true gap is at least this large and by an unknown margin"
m0d_clinical,20250722,3,0.585316,0.629647,0.04433,0.001583,0.000993,7.94,False,False,1,11,"LOWER BOUND, not a measured train-validation gap: train_nll is accumulated in model.train() mode with dropout 0.3 and augmentation active and averaged across the epoch while the weights update, while val_nll is a single clean eval-mode pass on the epoch-end weights. All three differences inflate train_nll and the gap is val_nll - train_nll, so the true gap is at least this large and by an unknown margin"
m0d_clinical,20250722,4,0.581117,0.63276,0.051643,0.004697,0.000985,7.88,False,False,2,11,"LOWER BOUND, not a measured train-validation gap: train_nll is accumulated in model.train() mode with dropout 0.3 and augmentation active and averaged across the epoch while the weights update, while val_nll is a single clean eval-mode pass on the epoch-end weights. All three differences inflate train_nll and the gap is val_nll - train_nll, so the true gap is at least this large and by an unknown margin"
m0d_clinical,20250722,5,0.575292,0.632903,0.057612,0.00484,0.000973,7.95,False,False,3,11,"LOWER BOUND, not a measured train-validation gap: train_nll is accumulated in model.train() mode with dropout 0.3 and augmentation active and averaged across the epoch while the weights update, while val_nll is a single clean eval-mode pass on the epoch-end weights. All three differences inflate train_nll and the gap is val_nll - train_nll, so the true gap is at least this large and by an unknown margin"
m0d_clinical,20250722,6,0.571921,0.637414,0.065493,0.009351,0.000958,7.98,False,False,4,11,"LOWER BOUND, not a measured train-validation gap: train_nll is accumulated in model.train() mode with dropout 0.3 and augmentation active and averaged across the epoch while the weights update, while val_nll is a single clean eval-mode pass on the epoch-end weights. All three differences inflate train_nll and the gap is val_nll - train_nll, so the true gap is at least this large and by an unknown margin"
m0d_clinical,20250722,7,0.567777,0.641356,0.073579,0.013293,0.00094,7.99,False,False,5,11,"LOWER BOUND, not a measured train-validation gap: train_nll is accumulated in model.train() mode with dropout 0.3 and augmentation active and averaged across the epoch while the weights update, while val_nll is a single clean eval-mode pass on the epoch-end weights. All three differences inflate train_nll and the gap is val_nll - train_nll, so the true gap is at least this large and by an unknown margin"
m0d_clinical,20250722,8,0.5641,0.643063,0.078962,0.014999,0.000919,7.95,False,False,6,11,"LOWER BOUND, not a measured train-validation gap: train_nll is accumulated in model.train() mode with dropout 0.3 and augmentation active and averaged across the epoch while the weights update, while val_nll is a single clean eval-mode pass on the epoch-end weights. All three differences inflate train_nll and the gap is val_nll - train_nll, so the true gap is at least this large and by an unknown margin"
m0d_clinical,20250722,9,0.562417,0.645398,0.082981,0.017334,0.000895,7.91,False,False,7,11,"LOWER BOUND, not a measured train-validation gap: train_nll is accumulated in model.train() mode with dropout 0.3 and augmentation active and averaged across the epoch while the weights update, while val_nll is a single clean eval-mode pass on the epoch-end weights. All three differences inflate train_nll and the gap is val_nll - train_nll, so the true gap is at least this large and by an unknown margin"
m0d_clinical,20250722,10,0.557709,0.647432,0.089723,0.019368,0.000868,8.03,False,False,8,11,"LOWER BOUND, not a measured train-validation gap: train_nll is accumulated in model.train() mode with dropout 0.3 and augmentation active and averaged across the epoch while the weights update, while val_nll is a single clean eval-mode pass on the epoch-end weights. All three differences inflate train_nll and the gap is val_nll - train_nll, so the true gap is at least this large and by an unknown margin"
m0d_clinical,20250723,0,0.608612,0.633319,0.024707,0.004148,0.000506,7.97,True,False,-3,12,"LOWER BOUND, not a measured train-validation gap: train_nll is accumulated in model.train() mode with dropout 0.3 and augmentation active and averaged across the epoch while the weights update, while val_nll is a single clean eval-mode pass on the epoch-end weights. All three differences inflate train_nll and the gap is val_nll - train_nll, so the true gap is at least this large and by an unknown margin"
m0d_clinical,20250723,1,0.603608,0.630102,0.026495,0.000932,0.001,7.95,True,False,-2,12,"LOWER BOUND, not a measured train-validation gap: train_nll is accumulated in model.train() mode with dropout 0.3 and augmentation active and averaged across the epoch while the weights update, while val_nll is a single clean eval-mode pass on the epoch-end weights. All three differences inflate train_nll and the gap is val_nll - train_nll, so the true gap is at least this large and by an unknown margin"
m0d_clinical,20250723,2,0.594374,0.629394,0.035021,0.000224,0.000998,8.02,True,False,-1,12,"LOWER BOUND, not a measured train-validation gap: train_nll is accumulated in model.train() mode with dropout 0.3 and augmentation active and averaged across the epoch while the weights update, while val_nll is a single clean eval-mode pass on the epoch-end weights. All three differences inflate train_nll and the gap is val_nll - train_nll, so the true gap is at least this large and by an unknown margin"
m0d_clinical,20250723,3,0.586613,0.629171,0.042558,0.0,0.000993,7.83,True,True,0,12,"LOWER BOUND, not a measured train-validation gap: train_nll is accumulated in model.train() mode with dropout 0.3 and augmentation active and averaged across the epoch while the weights update, while val_nll is a single clean eval-mode pass on the epoch-end weights. All three differences inflate train_nll and the gap is val_nll - train_nll, so the true gap is at least this large and by an unknown margin"
m0d_clinical,20250723,4,0.580766,0.630027,0.049261,0.000857,0.000985,8.08,False,False,1,12,"LOWER BOUND, not a measured train-validation gap: train_nll is accumulated in model.train() mode with dropout 0.3 and augmentation active and averaged across the epoch while the weights update, while val_nll is a single clean eval-mode pass on the epoch-end weights. All three differences inflate train_nll and the gap is val_nll - train_nll, so the true gap is at least this large and by an unknown margin"
m0d_clinical,20250723,5,0.575425,0.633918,0.058493,0.004747,0.000973,7.95,False,False,2,12,"LOWER BOUND, not a measured train-validation gap: train_nll is accumulated in model.train() mode with dropout 0.3 and augmentation active and averaged across the epoch while the weights update, while val_nll is a single clean eval-mode pass on the epoch-end weights. All three differences inflate train_nll and the gap is val_nll - train_nll, so the true gap is at least this large and by an unknown margin"
m0d_clinical,20250723,6,0.570866,0.639282,0.068416,0.010111,0.000958,7.93,False,False,3,12,"LOWER BOUND, not a measured train-validation gap: train_nll is accumulated in model.train() mode with dropout 0.3 and augmentation active and averaged across the epoch while the weights update, while val_nll is a single clean eval-mode pass on the epoch-end weights. All three differences inflate train_nll and the gap is val_nll - train_nll, so the true gap is at least this large and by an unknown margin"
m0d_clinical,20250723,7,0.567004,0.64082,0.073815,0.011649,0.00094,7.91,False,False,4,12,"LOWER BOUND, not a measured train-validation gap: train_nll is accumulated in model.train() mode with dropout 0.3 and augmentation active and averaged across the epoch while the weights update, while val_nll is a single clean eval-mode pass on the epoch-end weights. All three differences inflate train_nll and the gap is val_nll - train_nll, so the true gap is at least this large and by an unknown margin"
m0d_clinical,20250723,8,0.566475,0.643022,0.076548,0.013852,0.000919,7.95,False,False,5,12,"LOWER BOUND, not a measured train-validation gap: train_nll is accumulated in model.train() mode with dropout 0.3 and augmentation active and averaged across the epoch while the weights update, while val_nll is a single clean eval-mode pass on the epoch-end weights. All three differences inflate train_nll and the gap is val_nll - train_nll, so the true gap is at least this large and by an unknown margin"
m0d_clinical,20250723,9,0.560708,0.64693,0.086222,0.017759,0.000895,7.98,False,False,6,12,"LOWER BOUND, not a measured train-validation gap: train_nll is accumulated in model.train() mode with dropout 0.3 and augmentation active and averaged across the epoch while the weights update, while val_nll is a single clean eval-mode pass on the epoch-end weights. All three differences inflate train_nll and the gap is val_nll - train_nll, so the true gap is at least this large and by an unknown margin"
m0d_clinical,20250723,10,0.559025,0.64992,0.090895,0.020749,0.000868,7.89,False,False,7,12,"LOWER BOUND, not a measured train-validation gap: train_nll is accumulated in model.train() mode with dropout 0.3 and augmentation active and averaged across the epoch while the weights update, while val_nll is a single clean eval-mode pass on the epoch-end weights. All three differences inflate train_nll and the gap is val_nll - train_nll, so the true gap is at least this large and by an unknown margin"
m0d_clinical,20250723,11,0.555348,0.653223,0.097875,0.024052,0.000839,7.96,False,False,8,12,"LOWER BOUND, not a measured train-validation gap: train_nll is accumulated in model.train() mode with dropout 0.3 and augmentation active and averaged across the epoch while the weights update, while val_nll is a single clean eval-mode pass on the epoch-end weights. All three differences inflate train_nll and the gap is val_nll - train_nll, so the true gap is at least this large and by an unknown margin"
m0d_clinical,20250724,0,0.608438,0.632656,0.024218,0.002602,0.000506,7.96,True,False,-2,11,"LOWER BOUND, not a measured train-validation gap: train_nll is accumulated in model.train() mode with dropout 0.3 and augmentation active and averaged across the epoch while the weights update, while val_nll is a single clean eval-mode pass on the epoch-end weights. All three differences inflate train_nll and the gap is val_nll - train_nll, so the true gap is at least this large and by an unknown margin"
m0d_clinical,20250724,1,0.603253,0.630108,0.026855,5.4e-05,0.001,7.99,True,False,-1,11,"LOWER BOUND, not a measured train-validation gap: train_nll is accumulated in model.train() mode with dropout 0.3 and augmentation active and averaged across the epoch while the weights update, while val_nll is a single clean eval-mode pass on the epoch-end weights. All three differences inflate train_nll and the gap is val_nll - train_nll, so the true gap is at least this large and by an unknown margin"
m0d_clinical,20250724,2,0.59347,0.630054,0.036584,0.0,0.000998,8.04,True,True,0,11,"LOWER BOUND, not a measured train-validation gap: train_nll is accumulated in model.train() mode with dropout 0.3 and augmentation active and averaged across the epoch while the weights update, while val_nll is a single clean eval-mode pass on the epoch-end weights. All three differences inflate train_nll and the gap is val_nll - train_nll, so the true gap is at least this large and by an unknown margin"
m0d_clinical,20250724,3,0.585234,0.6337,0.048467,0.003647,0.000993,7.93,False,False,1,11,"LOWER BOUND, not a measured train-validation gap: train_nll is accumulated in model.train() mode with dropout 0.3 and augmentation active and averaged across the epoch while the weights update, while val_nll is a single clean eval-mode pass on the epoch-end weights. All three differences inflate train_nll and the gap is val_nll - train_nll, so the true gap is at least this large and by an unknown margin"
m0d_clinical,20250724,4,0.580114,0.637263,0.057149,0.00721,0.000985,7.95,False,False,2,11,"LOWER BOUND, not a measured train-validation gap: train_nll is accumulated in model.train() mode with dropout 0.3 and augmentation active and averaged across the epoch while the weights update, while val_nll is a single clean eval-mode pass on the epoch-end weights. All three differences inflate train_nll and the gap is val_nll - train_nll, so the true gap is at least this large and by an unknown margin"
m0d_clinical,20250724,5,0.574534,0.641377,0.066843,0.011324,0.000973,7.98,False,False,3,11,"LOWER BOUND, not a measured train-validation gap: train_nll is accumulated in model.train() mode with dropout 0.3 and augmentation active and averaged across the epoch while the weights update, while val_nll is a single clean eval-mode pass on the epoch-end weights. All three differences inflate train_nll and the gap is val_nll - train_nll, so the true gap is at least this large and by an unknown margin"
m0d_clinical,20250724,6,0.570354,0.643733,0.07338,0.01368,0.000958,7.96,False,False,4,11,"LOWER BOUND, not a measured train-validation gap: train_nll is accumulated in model.train() mode with dropout 0.3 and augmentation active and averaged across the epoch while the weights update, while val_nll is a single clean eval-mode pass on the epoch-end weights. All three differences inflate train_nll and the gap is val_nll - train_nll, so the true gap is at least this large and by an unknown margin"
m0d_clinical,20250724,7,0.565446,0.646114,0.080668,0.016061,0.00094,7.94,False,False,5,11,"LOWER BOUND, not a measured train-validation gap: train_nll is accumulated in model.train() mode with dropout 0.3 and augmentation active and averaged across the epoch while the weights update, while val_nll is a single clean eval-mode pass on the epoch-end weights. All three differences inflate train_nll and the gap is val_nll - train_nll, so the true gap is at least this large and by an unknown margin"
m0d_clinical,20250724,8,0.563313,0.649886,0.086573,0.019832,0.000919,7.96,False,False,6,11,"LOWER BOUND, not a measured train-validation gap: train_nll is accumulated in model.train() mode with dropout 0.3 and augmentation active and averaged across the epoch while the weights update, while val_nll is a single clean eval-mode pass on the epoch-end weights. All three differences inflate train_nll and the gap is val_nll - train_nll, so the true gap is at least this large and by an unknown margin"
m0d_clinical,20250724,9,0.56044,0.651987,0.091546,0.021933,0.000895,7.92,False,False,7,11,"LOWER BOUND, not a measured train-validation gap: train_nll is accumulated in model.train() mode with dropout 0.3 and augmentation active and averaged across the epoch while the weights update, while val_nll is a single clean eval-mode pass on the epoch-end weights. All three differences inflate train_nll and the gap is val_nll - train_nll, so the true gap is at least this large and by an unknown margin"
m0d_clinical,20250724,10,0.557773,0.653867,0.096093,0.023813,0.000868,7.99,False,False,8,11,"LOWER BOUND, not a measured train-validation gap: train_nll is accumulated in model.train() mode with dropout 0.3 and augmentation active and averaged across the epoch while the weights update, while val_nll is a single clean eval-mode pass on the epoch-end weights. All three differences inflate train_nll and the gap is val_nll - train_nll, so the true gap is at least this large and by an unknown margin"
m1_klg,20250720,0,0.600416,0.631872,0.031455,0.012244,0.000506,7.62,True,False,-2,11,"LOWER BOUND, not a measured train-validation gap: train_nll is accumulated in model.train() mode with dropout 0.3 and augmentation active and averaged across the epoch while the weights update, while val_nll is a single clean eval-mode pass on the epoch-end weights. All three differences inflate train_nll and the gap is val_nll - train_nll, so the true gap is at least this large and by an unknown margin"
m1_klg,20250720,1,0.588129,0.623626,0.035496,0.003998,0.001,7.61,True,False,-1,11,"LOWER BOUND, not a measured train-validation gap: train_nll is accumulated in model.train() mode with dropout 0.3 and augmentation active and averaged across the epoch while the weights update, while val_nll is a single clean eval-mode pass on the epoch-end weights. All three differences inflate train_nll and the gap is val_nll - train_nll, so the true gap is at least this large and by an unknown margin"
m1_klg,20250720,2,0.568636,0.619628,0.050992,0.0,0.000998,7.55,True,True,0,11,"LOWER BOUND, not a measured train-validation gap: train_nll is accumulated in model.train() mode with dropout 0.3 and augmentation active and averaged across the epoch while the weights update, while val_nll is a single clean eval-mode pass on the epoch-end weights. All three differences inflate train_nll and the gap is val_nll - train_nll, so the true gap is at least this large and by an unknown margin"
m1_klg,20250720,3,0.554247,0.621498,0.067251,0.00187,0.000993,7.63,False,False,1,11,"LOWER BOUND, not a measured train-validation gap: train_nll is accumulated in model.train() mode with dropout 0.3 and augmentation active and averaged across the epoch while the weights update, while val_nll is a single clean eval-mode pass on the epoch-end weights. All three differences inflate train_nll and the gap is val_nll - train_nll, so the true gap is at least this large and by an unknown margin"
m1_klg,20250720,4,0.544446,0.627633,0.083186,0.008005,0.000985,7.54,False,False,2,11,"LOWER BOUND, not a measured train-validation gap: train_nll is accumulated in model.train() mode with dropout 0.3 and augmentation active and averaged across the epoch while the weights update, while val_nll is a single clean eval-mode pass on the epoch-end weights. All three differences inflate train_nll and the gap is val_nll - train_nll, so the true gap is at least this large and by an unknown margin"
m1_klg,20250720,5,0.538968,0.634285,0.095316,0.014657,0.000973,7.48,False,False,3,11,"LOWER BOUND, not a measured train-validation gap: train_nll is accumulated in model.train() mode with dropout 0.3 and augmentation active and averaged across the epoch while the weights update, while val_nll is a single clean eval-mode pass on the epoch-end weights. All three differences inflate train_nll and the gap is val_nll - train_nll, so the true gap is at least this large and by an unknown margin"
m1_klg,20250720,6,0.534865,0.637112,0.102247,0.017484,0.000958,7.63,False,False,4,11,"LOWER BOUND, not a measured train-validation gap: train_nll is accumulated in model.train() mode with dropout 0.3 and augmentation active and averaged across the epoch while the weights update, while val_nll is a single clean eval-mode pass on the epoch-end weights. All three differences inflate train_nll and the gap is val_nll - train_nll, so the true gap is at least this large and by an unknown margin"
m1_klg,20250720,7,0.530075,0.641241,0.111166,0.021613,0.00094,7.74,False,False,5,11,"LOWER BOUND, not a measured train-validation gap: train_nll is accumulated in model.train() mode with dropout 0.3 and augmentation active and averaged across the epoch while the weights update, while val_nll is a single clean eval-mode pass on the epoch-end weights. All three differences inflate train_nll and the gap is val_nll - train_nll, so the true gap is at least this large and by an unknown margin"
m1_klg,20250720,8,0.528674,0.647785,0.119111,0.028157,0.000919,7.65,False,False,6,11,"LOWER BOUND, not a measured train-validation gap: train_nll is accumulated in model.train() mode with dropout 0.3 and augmentation active and averaged across the epoch while the weights update, while val_nll is a single clean eval-mode pass on the epoch-end weights. All three differences inflate train_nll and the gap is val_nll - train_nll, so the true gap is at least this large and by an unknown margin"
m1_klg,20250720,9,0.521977,0.647485,0.125507,0.027857,0.000895,7.53,False,False,7,11,"LOWER BOUND, not a measured train-validation gap: train_nll is accumulated in model.train() mode with dropout 0.3 and augmentation active and averaged across the epoch while the weights update, while val_nll is a single clean eval-mode pass on the epoch-end weights. All three differences inflate train_nll and the gap is val_nll - train_nll, so the true gap is at least this large and by an unknown margin"
m1_klg,20250720,10,0.516402,0.653455,0.137052,0.033827,0.000868,7.57,False,False,8,11,"LOWER BOUND, not a measured train-validation gap: train_nll is accumulated in model.train() mode with dropout 0.3 and augmentation active and averaged across the epoch while the weights update, while val_nll is a single clean eval-mode pass on the epoch-end weights. All three differences inflate train_nll and the gap is val_nll - train_nll, so the true gap is at least this large and by an unknown margin"
m1_klg,20250721,0,0.599237,0.631016,0.031779,0.010431,0.000506,7.61,True,False,-2,11,"LOWER BOUND, not a measured train-validation gap: train_nll is accumulated in model.train() mode with dropout 0.3 and augmentation active and averaged across the epoch while the weights update, while val_nll is a single clean eval-mode pass on the epoch-end weights. All three differences inflate train_nll and the gap is val_nll - train_nll, so the true gap is at least this large and by an unknown margin"
m1_klg,20250721,1,0.586157,0.621943,0.035787,0.001359,0.001,7.66,True,False,-1,11,"LOWER BOUND, not a measured train-validation gap: train_nll is accumulated in model.train() mode with dropout 0.3 and augmentation active and averaged across the epoch while the weights update, while val_nll is a single clean eval-mode pass on the epoch-end weights. All three differences inflate train_nll and the gap is val_nll - train_nll, so the true gap is at least this large and by an unknown margin"
m1_klg,20250721,2,0.565203,0.620585,0.055382,0.0,0.000998,7.6,True,True,0,11,"LOWER BOUND, not a measured train-validation gap: train_nll is accumulated in model.train() mode with dropout 0.3 and augmentation active and averaged across the epoch while the weights update, while val_nll is a single clean eval-mode pass on the epoch-end weights. All three differences inflate train_nll and the gap is val_nll - train_nll, so the true gap is at least this large and by an unknown margin"
m1_klg,20250721,3,0.553257,0.624845,0.071588,0.00426,0.000993,7.55,False,False,1,11,"LOWER BOUND, not a measured train-validation gap: train_nll is accumulated in model.train() mode with dropout 0.3 and augmentation active and averaged across the epoch while the weights update, while val_nll is a single clean eval-mode pass on the epoch-end weights. All three differences inflate train_nll and the gap is val_nll - train_nll, so the true gap is at least this large and by an unknown margin"
m1_klg,20250721,4,0.546736,0.628449,0.081713,0.007864,0.000985,7.56,False,False,2,11,"LOWER BOUND, not a measured train-validation gap: train_nll is accumulated in model.train() mode with dropout 0.3 and augmentation active and averaged across the epoch while the weights update, while val_nll is a single clean eval-mode pass on the epoch-end weights. All three differences inflate train_nll and the gap is val_nll - train_nll, so the true gap is at least this large and by an unknown margin"
m1_klg,20250721,5,0.540728,0.635744,0.095016,0.01516,0.000973,7.61,False,False,3,11,"LOWER BOUND, not a measured train-validation gap: train_nll is accumulated in model.train() mode with dropout 0.3 and augmentation active and averaged across the epoch while the weights update, while val_nll is a single clean eval-mode pass on the epoch-end weights. All three differences inflate train_nll and the gap is val_nll - train_nll, so the true gap is at least this large and by an unknown margin"
m1_klg,20250721,6,0.534928,0.641649,0.106721,0.021064,0.000958,7.73,False,False,4,11,"LOWER BOUND, not a measured train-validation gap: train_nll is accumulated in model.train() mode with dropout 0.3 and augmentation active and averaged across the epoch while the weights update, while val_nll is a single clean eval-mode pass on the epoch-end weights. All three differences inflate train_nll and the gap is val_nll - train_nll, so the true gap is at least this large and by an unknown margin"
m1_klg,20250721,7,0.531775,0.642864,0.111088,0.022279,0.00094,7.71,False,False,5,11,"LOWER BOUND, not a measured train-validation gap: train_nll is accumulated in model.train() mode with dropout 0.3 and augmentation active and averaged across the epoch while the weights update, while val_nll is a single clean eval-mode pass on the epoch-end weights. All three differences inflate train_nll and the gap is val_nll - train_nll, so the true gap is at least this large and by an unknown margin"
m1_klg,20250721,8,0.527423,0.647018,0.119595,0.026433,0.000919,7.57,False,False,6,11,"LOWER BOUND, not a measured train-validation gap: train_nll is accumulated in model.train() mode with dropout 0.3 and augmentation active and averaged across the epoch while the weights update, while val_nll is a single clean eval-mode pass on the epoch-end weights. All three differences inflate train_nll and the gap is val_nll - train_nll, so the true gap is at least this large and by an unknown margin"
m1_klg,20250721,9,0.524111,0.650919,0.126808,0.030334,0.000895,7.53,False,False,7,11,"LOWER BOUND, not a measured train-validation gap: train_nll is accumulated in model.train() mode with dropout 0.3 and augmentation active and averaged across the epoch while the weights update, while val_nll is a single clean eval-mode pass on the epoch-end weights. All three differences inflate train_nll and the gap is val_nll - train_nll, so the true gap is at least this large and by an unknown margin"
m1_klg,20250721,10,0.521074,0.655769,0.134695,0.035184,0.000868,7.68,False,False,8,11,"LOWER BOUND, not a measured train-validation gap: train_nll is accumulated in model.train() mode with dropout 0.3 and augmentation active and averaged across the epoch while the weights update, while val_nll is a single clean eval-mode pass on the epoch-end weights. All three differences inflate train_nll and the gap is val_nll - train_nll, so the true gap is at least this large and by an unknown margin"
m1_klg,20250722,0,0.599734,0.631472,0.031738,0.014042,0.000506,7.59,True,False,-2,11,"LOWER BOUND, not a measured train-validation gap: train_nll is accumulated in model.train() mode with dropout 0.3 and augmentation active and averaged across the epoch while the weights update, while val_nll is a single clean eval-mode pass on the epoch-end weights. All three differences inflate train_nll and the gap is val_nll - train_nll, so the true gap is at least this large and by an unknown margin"
m1_klg,20250722,1,0.587104,0.622585,0.03548,0.005154,0.001,7.71,True,False,-1,11,"LOWER BOUND, not a measured train-validation gap: train_nll is accumulated in model.train() mode with dropout 0.3 and augmentation active and averaged across the epoch while the weights update, while val_nll is a single clean eval-mode pass on the epoch-end weights. All three differences inflate train_nll and the gap is val_nll - train_nll, so the true gap is at least this large and by an unknown margin"
m1_klg,20250722,2,0.568086,0.61743,0.049344,0.0,0.000998,7.65,True,True,0,11,"LOWER BOUND, not a measured train-validation gap: train_nll is accumulated in model.train() mode with dropout 0.3 and augmentation active and averaged across the epoch while the weights update, while val_nll is a single clean eval-mode pass on the epoch-end weights. All three differences inflate train_nll and the gap is val_nll - train_nll, so the true gap is at least this large and by an unknown margin"
m1_klg,20250722,3,0.554401,0.62118,0.066778,0.003749,0.000993,7.61,False,False,1,11,"LOWER BOUND, not a measured train-validation gap: train_nll is accumulated in model.train() mode with dropout 0.3 and augmentation active and averaged across the epoch while the weights update, while val_nll is a single clean eval-mode pass on the epoch-end weights. All three differences inflate train_nll and the gap is val_nll - train_nll, so the true gap is at least this large and by an unknown margin"
m1_klg,20250722,4,0.54742,0.62836,0.08094,0.010929,0.000985,7.54,False,False,2,11,"LOWER BOUND, not a measured train-validation gap: train_nll is accumulated in model.train() mode with dropout 0.3 and augmentation active and averaged across the epoch while the weights update, while val_nll is a single clean eval-mode pass on the epoch-end weights. All three differences inflate train_nll and the gap is val_nll - train_nll, so the true gap is at least this large and by an unknown margin"
m1_klg,20250722,5,0.54109,0.634995,0.093905,0.017564,0.000973,7.65,False,False,3,11,"LOWER BOUND, not a measured train-validation gap: train_nll is accumulated in model.train() mode with dropout 0.3 and augmentation active and averaged across the epoch while the weights update, while val_nll is a single clean eval-mode pass on the epoch-end weights. All three differences inflate train_nll and the gap is val_nll - train_nll, so the true gap is at least this large and by an unknown margin"
m1_klg,20250722,6,0.537201,0.638861,0.10166,0.021431,0.000958,7.59,False,False,4,11,"LOWER BOUND, not a measured train-validation gap: train_nll is accumulated in model.train() mode with dropout 0.3 and augmentation active and averaged across the epoch while the weights update, while val_nll is a single clean eval-mode pass on the epoch-end weights. All three differences inflate train_nll and the gap is val_nll - train_nll, so the true gap is at least this large and by an unknown margin"
m1_klg,20250722,7,0.532397,0.641814,0.109417,0.024384,0.00094,7.61,False,False,5,11,"LOWER BOUND, not a measured train-validation gap: train_nll is accumulated in model.train() mode with dropout 0.3 and augmentation active and averaged across the epoch while the weights update, while val_nll is a single clean eval-mode pass on the epoch-end weights. All three differences inflate train_nll and the gap is val_nll - train_nll, so the true gap is at least this large and by an unknown margin"
m1_klg,20250722,8,0.529348,0.645349,0.116001,0.027918,0.000919,7.59,False,False,6,11,"LOWER BOUND, not a measured train-validation gap: train_nll is accumulated in model.train() mode with dropout 0.3 and augmentation active and averaged across the epoch while the weights update, while val_nll is a single clean eval-mode pass on the epoch-end weights. All three differences inflate train_nll and the gap is val_nll - train_nll, so the true gap is at least this large and by an unknown margin"
m1_klg,20250722,9,0.525219,0.648018,0.122798,0.030587,0.000895,7.62,False,False,7,11,"LOWER BOUND, not a measured train-validation gap: train_nll is accumulated in model.train() mode with dropout 0.3 and augmentation active and averaged across the epoch while the weights update, while val_nll is a single clean eval-mode pass on the epoch-end weights. All three differences inflate train_nll and the gap is val_nll - train_nll, so the true gap is at least this large and by an unknown margin"
m1_klg,20250722,10,0.521929,0.654159,0.13223,0.036728,0.000868,7.65,False,False,8,11,"LOWER BOUND, not a measured train-validation gap: train_nll is accumulated in model.train() mode with dropout 0.3 and augmentation active and averaged across the epoch while the weights update, while val_nll is a single clean eval-mode pass on the epoch-end weights. All three differences inflate train_nll and the gap is val_nll - train_nll, so the true gap is at least this large and by an unknown margin"
m1_klg,20250723,0,0.599898,0.631677,0.03178,0.010232,0.000506,7.62,True,False,-2,11,"LOWER BOUND, not a measured train-validation gap: train_nll is accumulated in model.train() mode with dropout 0.3 and augmentation active and averaged across the epoch while the weights update, while val_nll is a single clean eval-mode pass on the epoch-end weights. All three differences inflate train_nll and the gap is val_nll - train_nll, so the true gap is at least this large and by an unknown margin"
m1_klg,20250723,1,0.587679,0.622236,0.034557,0.000791,0.001,7.59,True,False,-1,11,"LOWER BOUND, not a measured train-validation gap: train_nll is accumulated in model.train() mode with dropout 0.3 and augmentation active and averaged across the epoch while the weights update, while val_nll is a single clean eval-mode pass on the epoch-end weights. All three differences inflate train_nll and the gap is val_nll - train_nll, so the true gap is at least this large and by an unknown margin"
m1_klg,20250723,2,0.56747,0.621445,0.053975,0.0,0.000998,7.6,True,True,0,11,"LOWER BOUND, not a measured train-validation gap: train_nll is accumulated in model.train() mode with dropout 0.3 and augmentation active and averaged across the epoch while the weights update, while val_nll is a single clean eval-mode pass on the epoch-end weights. All three differences inflate train_nll and the gap is val_nll - train_nll, so the true gap is at least this large and by an unknown margin"
m1_klg,20250723,3,0.555527,0.624709,0.069183,0.003264,0.000993,7.6,False,False,1,11,"LOWER BOUND, not a measured train-validation gap: train_nll is accumulated in model.train() mode with dropout 0.3 and augmentation active and averaged across the epoch while the weights update, while val_nll is a single clean eval-mode pass on the epoch-end weights. All three differences inflate train_nll and the gap is val_nll - train_nll, so the true gap is at least this large and by an unknown margin"
m1_klg,20250723,4,0.547527,0.62544,0.077913,0.003995,0.000985,7.56,False,False,2,11,"LOWER BOUND, not a measured train-validation gap: train_nll is accumulated in model.train() mode with dropout 0.3 and augmentation active and averaged across the epoch while the weights update, while val_nll is a single clean eval-mode pass on the epoch-end weights. All three differences inflate train_nll and the gap is val_nll - train_nll, so the true gap is at least this large and by an unknown margin"
m1_klg,20250723,5,0.540756,0.628637,0.087881,0.007192,0.000973,7.53,False,False,3,11,"LOWER BOUND, not a measured train-validation gap: train_nll is accumulated in model.train() mode with dropout 0.3 and augmentation active and averaged across the epoch while the weights update, while val_nll is a single clean eval-mode pass on the epoch-end weights. All three differences inflate train_nll and the gap is val_nll - train_nll, so the true gap is at least this large and by an unknown margin"
m1_klg,20250723,6,0.53629,0.63674,0.10045,0.015295,0.000958,7.62,False,False,4,11,"LOWER BOUND, not a measured train-validation gap: train_nll is accumulated in model.train() mode with dropout 0.3 and augmentation active and averaged across the epoch while the weights update, while val_nll is a single clean eval-mode pass on the epoch-end weights. All three differences inflate train_nll and the gap is val_nll - train_nll, so the true gap is at least this large and by an unknown margin"
m1_klg,20250723,7,0.530254,0.638306,0.108053,0.016861,0.00094,7.56,False,False,5,11,"LOWER BOUND, not a measured train-validation gap: train_nll is accumulated in model.train() mode with dropout 0.3 and augmentation active and averaged across the epoch while the weights update, while val_nll is a single clean eval-mode pass on the epoch-end weights. All three differences inflate train_nll and the gap is val_nll - train_nll, so the true gap is at least this large and by an unknown margin"
m1_klg,20250723,8,0.526682,0.641929,0.115247,0.020484,0.000919,7.54,False,False,6,11,"LOWER BOUND, not a measured train-validation gap: train_nll is accumulated in model.train() mode with dropout 0.3 and augmentation active and averaged across the epoch while the weights update, while val_nll is a single clean eval-mode pass on the epoch-end weights. All three differences inflate train_nll and the gap is val_nll - train_nll, so the true gap is at least this large and by an unknown margin"
m1_klg,20250723,9,0.525771,0.649766,0.123995,0.028321,0.000895,7.69,False,False,7,11,"LOWER BOUND, not a measured train-validation gap: train_nll is accumulated in model.train() mode with dropout 0.3 and augmentation active and averaged across the epoch while the weights update, while val_nll is a single clean eval-mode pass on the epoch-end weights. All three differences inflate train_nll and the gap is val_nll - train_nll, so the true gap is at least this large and by an unknown margin"
m1_klg,20250723,10,0.519697,0.651906,0.132209,0.030461,0.000868,7.6,False,False,8,11,"LOWER BOUND, not a measured train-validation gap: train_nll is accumulated in model.train() mode with dropout 0.3 and augmentation active and averaged across the epoch while the weights update, while val_nll is a single clean eval-mode pass on the epoch-end weights. All three differences inflate train_nll and the gap is val_nll - train_nll, so the true gap is at least this large and by an unknown margin"
m1_klg,20250724,0,0.599171,0.629593,0.030422,0.010972,0.000506,7.7,True,False,-2,11,"LOWER BOUND, not a measured train-validation gap: train_nll is accumulated in model.train() mode with dropout 0.3 and augmentation active and averaged across the epoch while the weights update, while val_nll is a single clean eval-mode pass on the epoch-end weights. All three differences inflate train_nll and the gap is val_nll - train_nll, so the true gap is at least this large and by an unknown margin"
m1_klg,20250724,1,0.586004,0.620877,0.034873,0.002256,0.001,7.66,True,False,-1,11,"LOWER BOUND, not a measured train-validation gap: train_nll is accumulated in model.train() mode with dropout 0.3 and augmentation active and averaged across the epoch while the weights update, while val_nll is a single clean eval-mode pass on the epoch-end weights. All three differences inflate train_nll and the gap is val_nll - train_nll, so the true gap is at least this large and by an unknown margin"
m1_klg,20250724,2,0.566488,0.618621,0.052133,0.0,0.000998,7.57,True,True,0,11,"LOWER BOUND, not a measured train-validation gap: train_nll is accumulated in model.train() mode with dropout 0.3 and augmentation active and averaged across the epoch while the weights update, while val_nll is a single clean eval-mode pass on the epoch-end weights. All three differences inflate train_nll and the gap is val_nll - train_nll, so the true gap is at least this large and by an unknown margin"
m1_klg,20250724,3,0.554633,0.62319,0.068557,0.004569,0.000993,7.63,False,False,1,11,"LOWER BOUND, not a measured train-validation gap: train_nll is accumulated in model.train() mode with dropout 0.3 and augmentation active and averaged across the epoch while the weights update, while val_nll is a single clean eval-mode pass on the epoch-end weights. All three differences inflate train_nll and the gap is val_nll - train_nll, so the true gap is at least this large and by an unknown margin"
m1_klg,20250724,4,0.545142,0.628612,0.08347,0.00999,0.000985,7.62,False,False,2,11,"LOWER BOUND, not a measured train-validation gap: train_nll is accumulated in model.train() mode with dropout 0.3 and augmentation active and averaged across the epoch while the weights update, while val_nll is a single clean eval-mode pass on the epoch-end weights. All three differences inflate train_nll and the gap is val_nll - train_nll, so the true gap is at least this large and by an unknown margin"
m1_klg,20250724,5,0.537621,0.632433,0.094812,0.013812,0.000973,7.64,False,False,3,11,"LOWER BOUND, not a measured train-validation gap: train_nll is accumulated in model.train() mode with dropout 0.3 and augmentation active and averaged across the epoch while the weights update, while val_nll is a single clean eval-mode pass on the epoch-end weights. All three differences inflate train_nll and the gap is val_nll - train_nll, so the true gap is at least this large and by an unknown margin"
m1_klg,20250724,6,0.535078,0.637031,0.101953,0.01841,0.000958,7.63,False,False,4,11,"LOWER BOUND, not a measured train-validation gap: train_nll is accumulated in model.train() mode with dropout 0.3 and augmentation active and averaged across the epoch while the weights update, while val_nll is a single clean eval-mode pass on the epoch-end weights. All three differences inflate train_nll and the gap is val_nll - train_nll, so the true gap is at least this large and by an unknown margin"
m1_klg,20250724,7,0.530079,0.642612,0.112533,0.02399,0.00094,7.6,False,False,5,11,"LOWER BOUND, not a measured train-validation gap: train_nll is accumulated in model.train() mode with dropout 0.3 and augmentation active and averaged across the epoch while the weights update, while val_nll is a single clean eval-mode pass on the epoch-end weights. All three differences inflate train_nll and the gap is val_nll - train_nll, so the true gap is at least this large and by an unknown margin"
m1_klg,20250724,8,0.526386,0.645977,0.119592,0.027356,0.000919,7.56,False,False,6,11,"LOWER BOUND, not a measured train-validation gap: train_nll is accumulated in model.train() mode with dropout 0.3 and augmentation active and averaged across the epoch while the weights update, while val_nll is a single clean eval-mode pass on the epoch-end weights. All three differences inflate train_nll and the gap is val_nll - train_nll, so the true gap is at least this large and by an unknown margin"
m1_klg,20250724,9,0.524131,0.650078,0.125948,0.031457,0.000895,7.59,False,False,7,11,"LOWER BOUND, not a measured train-validation gap: train_nll is accumulated in model.train() mode with dropout 0.3 and augmentation active and averaged across the epoch while the weights update, while val_nll is a single clean eval-mode pass on the epoch-end weights. All three differences inflate train_nll and the gap is val_nll - train_nll, so the true gap is at least this large and by an unknown margin"
m1_klg,20250724,10,0.521449,0.652766,0.131317,0.034144,0.000868,7.58,False,False,8,11,"LOWER BOUND, not a measured train-validation gap: train_nll is accumulated in model.train() mode with dropout 0.3 and augmentation active and averaged across the epoch while the weights update, while val_nll is a single clean eval-mode pass on the epoch-end weights. All three differences inflate train_nll and the gap is val_nll - train_nll, so the true gap is at least this large and by an unknown margin"
m4_fusion,20250720,0,0.604047,0.633431,0.029384,0.038267,0.000506,8.92,True,False,-6,15,"LOWER BOUND, not a measured train-validation gap: train_nll is accumulated in model.train() mode with dropout 0.3 and augmentation active and averaged across the epoch while the weights update, while val_nll is a single clean eval-mode pass on the epoch-end weights. All three differences inflate train_nll and the gap is val_nll - train_nll, so the true gap is at least this large and by an unknown margin"
m4_fusion,20250720,1,0.602275,0.62713,0.024855,0.031967,0.001,8.32,True,False,-5,15,"LOWER BOUND, not a measured train-validation gap: train_nll is accumulated in model.train() mode with dropout 0.3 and augmentation active and averaged across the epoch while the weights update, while val_nll is a single clean eval-mode pass on the epoch-end weights. All three differences inflate train_nll and the gap is val_nll - train_nll, so the true gap is at least this large and by an unknown margin"
m4_fusion,20250720,2,0.597518,0.617019,0.019501,0.021855,0.000998,8.31,True,False,-4,15,"LOWER BOUND, not a measured train-validation gap: train_nll is accumulated in model.train() mode with dropout 0.3 and augmentation active and averaged across the epoch while the weights update, while val_nll is a single clean eval-mode pass on the epoch-end weights. All three differences inflate train_nll and the gap is val_nll - train_nll, so the true gap is at least this large and by an unknown margin"
m4_fusion,20250720,3,0.587392,0.622987,0.035595,0.027823,0.000993,15.41,False,False,-3,15,"LOWER BOUND, not a measured train-validation gap: train_nll is accumulated in model.train() mode with dropout 0.3 and augmentation active and averaged across the epoch while the weights update, while val_nll is a single clean eval-mode pass on the epoch-end weights. All three differences inflate train_nll and the gap is val_nll - train_nll, so the true gap is at least this large and by an unknown margin"
m4_fusion,20250720,4,0.572041,0.596944,0.024903,0.001781,0.000985,13.89,True,False,-2,15,"LOWER BOUND, not a measured train-validation gap: train_nll is accumulated in model.train() mode with dropout 0.3 and augmentation active and averaged across the epoch while the weights update, while val_nll is a single clean eval-mode pass on the epoch-end weights. All three differences inflate train_nll and the gap is val_nll - train_nll, so the true gap is at least this large and by an unknown margin"
m4_fusion,20250720,5,0.551289,0.610017,0.058728,0.014853,0.000973,13.53,False,False,-1,15,"LOWER BOUND, not a measured train-validation gap: train_nll is accumulated in model.train() mode with dropout 0.3 and augmentation active and averaged across the epoch while the weights update, while val_nll is a single clean eval-mode pass on the epoch-end weights. All three differences inflate train_nll and the gap is val_nll - train_nll, so the true gap is at least this large and by an unknown margin"
m4_fusion,20250720,6,0.536412,0.595164,0.058752,0.0,0.000958,13.69,True,True,0,15,"LOWER BOUND, not a measured train-validation gap: train_nll is accumulated in model.train() mode with dropout 0.3 and augmentation active and averaged across the epoch while the weights update, while val_nll is a single clean eval-mode pass on the epoch-end weights. All three differences inflate train_nll and the gap is val_nll - train_nll, so the true gap is at least this large and by an unknown margin"
m4_fusion,20250720,7,0.506882,0.633224,0.126342,0.03806,0.00094,13.82,False,False,1,15,"LOWER BOUND, not a measured train-validation gap: train_nll is accumulated in model.train() mode with dropout 0.3 and augmentation active and averaged across the epoch while the weights update, while val_nll is a single clean eval-mode pass on the epoch-end weights. All three differences inflate train_nll and the gap is val_nll - train_nll, so the true gap is at least this large and by an unknown margin"
m4_fusion,20250720,8,0.491814,0.603654,0.11184,0.008491,0.000919,13.72,False,False,2,15,"LOWER BOUND, not a measured train-validation gap: train_nll is accumulated in model.train() mode with dropout 0.3 and augmentation active and averaged across the epoch while the weights update, while val_nll is a single clean eval-mode pass on the epoch-end weights. All three differences inflate train_nll and the gap is val_nll - train_nll, so the true gap is at least this large and by an unknown margin"
m4_fusion,20250720,9,0.459609,0.652709,0.193099,0.057545,0.000895,13.56,False,False,3,15,"LOWER BOUND, not a measured train-validation gap: train_nll is accumulated in model.train() mode with dropout 0.3 and augmentation active and averaged across the epoch while the weights update, while val_nll is a single clean eval-mode pass on the epoch-end weights. All three differences inflate train_nll and the gap is val_nll - train_nll, so the true gap is at least this large and by an unknown margin"
m4_fusion,20250720,10,0.435028,0.665311,0.230283,0.070147,0.000868,13.56,False,False,4,15,"LOWER BOUND, not a measured train-validation gap: train_nll is accumulated in model.train() mode with dropout 0.3 and augmentation active and averaged across the epoch while the weights update, while val_nll is a single clean eval-mode pass on the epoch-end weights. All three differences inflate train_nll and the gap is val_nll - train_nll, so the true gap is at least this large and by an unknown margin"
m4_fusion,20250720,11,0.404762,0.706452,0.30169,0.111288,0.000839,13.4,False,False,5,15,"LOWER BOUND, not a measured train-validation gap: train_nll is accumulated in model.train() mode with dropout 0.3 and augmentation active and averaged across the epoch while the weights update, while val_nll is a single clean eval-mode pass on the epoch-end weights. All three differences inflate train_nll and the gap is val_nll - train_nll, so the true gap is at least this large and by an unknown margin"
m4_fusion,20250720,12,0.365421,0.727333,0.361911,0.132169,0.000807,13.38,False,False,6,15,"LOWER BOUND, not a measured train-validation gap: train_nll is accumulated in model.train() mode with dropout 0.3 and augmentation active and averaged across the epoch while the weights update, while val_nll is a single clean eval-mode pass on the epoch-end weights. All three differences inflate train_nll and the gap is val_nll - train_nll, so the true gap is at least this large and by an unknown margin"
m4_fusion,20250720,13,0.367266,0.745742,0.378476,0.150578,0.000773,13.78,False,False,7,15,"LOWER BOUND, not a measured train-validation gap: train_nll is accumulated in model.train() mode with dropout 0.3 and augmentation active and averaged across the epoch while the weights update, while val_nll is a single clean eval-mode pass on the epoch-end weights. All three differences inflate train_nll and the gap is val_nll - train_nll, so the true gap is at least this large and by an unknown margin"
m4_fusion,20250720,14,0.344567,0.688179,0.343612,0.093016,0.000738,13.8,False,False,8,15,"LOWER BOUND, not a measured train-validation gap: train_nll is accumulated in model.train() mode with dropout 0.3 and augmentation active and averaged across the epoch while the weights update, while val_nll is a single clean eval-mode pass on the epoch-end weights. All three differences inflate train_nll and the gap is val_nll - train_nll, so the true gap is at least this large and by an unknown margin"
m4_fusion,20250721,0,0.606555,0.629046,0.022491,0.065081,0.000506,8.41,True,False,-7,16,"LOWER BOUND, not a measured train-validation gap: train_nll is accumulated in model.train() mode with dropout 0.3 and augmentation active and averaged across the epoch while the weights update, while val_nll is a single clean eval-mode pass on the epoch-end weights. All three differences inflate train_nll and the gap is val_nll - train_nll, so the true gap is at least this large and by an unknown margin"
m4_fusion,20250721,1,0.596975,0.668021,0.071046,0.104056,0.001,8.22,False,False,-6,16,"LOWER BOUND, not a measured train-validation gap: train_nll is accumulated in model.train() mode with dropout 0.3 and augmentation active and averaged across the epoch while the weights update, while val_nll is a single clean eval-mode pass on the epoch-end weights. All three differences inflate train_nll and the gap is val_nll - train_nll, so the true gap is at least this large and by an unknown margin"
m4_fusion,20250721,2,0.602583,0.627114,0.024531,0.063149,0.000998,8.31,True,False,-5,16,"LOWER BOUND, not a measured train-validation gap: train_nll is accumulated in model.train() mode with dropout 0.3 and augmentation active and averaged across the epoch while the weights update, while val_nll is a single clean eval-mode pass on the epoch-end weights. All three differences inflate train_nll and the gap is val_nll - train_nll, so the true gap is at least this large and by an unknown margin"
m4_fusion,20250721,3,0.583359,0.610951,0.027592,0.046986,0.000993,13.94,True,False,-4,16,"LOWER BOUND, not a measured train-validation gap: train_nll is accumulated in model.train() mode with dropout 0.3 and augmentation active and averaged across the epoch while the weights update, while val_nll is a single clean eval-mode pass on the epoch-end weights. All three differences inflate train_nll and the gap is val_nll - train_nll, so the true gap is at least this large and by an unknown margin"
m4_fusion,20250721,4,0.5652,0.650295,0.085094,0.08633,0.000985,13.63,False,False,-3,16,"LOWER BOUND, not a measured train-validation gap: train_nll is accumulated in model.train() mode with dropout 0.3 and augmentation active and averaged across the epoch while the weights update, while val_nll is a single clean eval-mode pass on the epoch-end weights. All three differences inflate train_nll and the gap is val_nll - train_nll, so the true gap is at least this large and by an unknown margin"
m4_fusion,20250721,5,0.555114,0.598752,0.043638,0.034787,0.000973,13.53,True,False,-2,16,"LOWER BOUND, not a measured train-validation gap: train_nll is accumulated in model.train() mode with dropout 0.3 and augmentation active and averaged across the epoch while the weights update, while val_nll is a single clean eval-mode pass on the epoch-end weights. All three differences inflate train_nll and the gap is val_nll - train_nll, so the true gap is at least this large and by an unknown margin"
m4_fusion,20250721,6,0.512195,0.582966,0.070772,0.019002,0.000958,13.33,True,False,-1,16,"LOWER BOUND, not a measured train-validation gap: train_nll is accumulated in model.train() mode with dropout 0.3 and augmentation active and averaged across the epoch while the weights update, while val_nll is a single clean eval-mode pass on the epoch-end weights. All three differences inflate train_nll and the gap is val_nll - train_nll, so the true gap is at least this large and by an unknown margin"
m4_fusion,20250721,7,0.488001,0.563965,0.075963,0.0,0.00094,13.77,True,True,0,16,"LOWER BOUND, not a measured train-validation gap: train_nll is accumulated in model.train() mode with dropout 0.3 and augmentation active and averaged across the epoch while the weights update, while val_nll is a single clean eval-mode pass on the epoch-end weights. All three differences inflate train_nll and the gap is val_nll - train_nll, so the true gap is at least this large and by an unknown margin"
m4_fusion,20250721,8,0.45694,0.595998,0.139059,0.032034,0.000919,13.34,False,False,1,16,"LOWER BOUND, not a measured train-validation gap: train_nll is accumulated in model.train() mode with dropout 0.3 and augmentation active and averaged across the epoch while the weights update, while val_nll is a single clean eval-mode pass on the epoch-end weights. All three differences inflate train_nll and the gap is val_nll - train_nll, so the true gap is at least this large and by an unknown margin"
m4_fusion,20250721,9,0.439146,0.57642,0.137274,0.012455,0.000895,13.58,False,False,2,16,"LOWER BOUND, not a measured train-validation gap: train_nll is accumulated in model.train() mode with dropout 0.3 and augmentation active and averaged across the epoch while the weights update, while val_nll is a single clean eval-mode pass on the epoch-end weights. All three differences inflate train_nll and the gap is val_nll - train_nll, so the true gap is at least this large and by an unknown margin"
m4_fusion,20250721,10,0.42444,0.603464,0.179024,0.039499,0.000868,13.52,False,False,3,16,"LOWER BOUND, not a measured train-validation gap: train_nll is accumulated in model.train() mode with dropout 0.3 and augmentation active and averaged across the epoch while the weights update, while val_nll is a single clean eval-mode pass on the epoch-end weights. All three differences inflate train_nll and the gap is val_nll - train_nll, so the true gap is at least this large and by an unknown margin"
m4_fusion,20250721,11,0.374184,0.655264,0.281081,0.091299,0.000839,13.73,False,False,4,16,"LOWER BOUND, not a measured train-validation gap: train_nll is accumulated in model.train() mode with dropout 0.3 and augmentation active and averaged across the epoch while the weights update, while val_nll is a single clean eval-mode pass on the epoch-end weights. All three differences inflate train_nll and the gap is val_nll - train_nll, so the true gap is at least this large and by an unknown margin"
m4_fusion,20250721,12,0.379084,0.697779,0.318695,0.133814,0.000807,13.51,False,False,5,16,"LOWER BOUND, not a measured train-validation gap: train_nll is accumulated in model.train() mode with dropout 0.3 and augmentation active and averaged across the epoch while the weights update, while val_nll is a single clean eval-mode pass on the epoch-end weights. All three differences inflate train_nll and the gap is val_nll - train_nll, so the true gap is at least this large and by an unknown margin"
m4_fusion,20250721,13,0.335333,0.714013,0.37868,0.150048,0.000773,13.43,False,False,6,16,"LOWER BOUND, not a measured train-validation gap: train_nll is accumulated in model.train() mode with dropout 0.3 and augmentation active and averaged across the epoch while the weights update, while val_nll is a single clean eval-mode pass on the epoch-end weights. All three differences inflate train_nll and the gap is val_nll - train_nll, so the true gap is at least this large and by an unknown margin"
m4_fusion,20250721,14,0.314986,0.70049,0.385504,0.136525,0.000738,13.39,False,False,7,16,"LOWER BOUND, not a measured train-validation gap: train_nll is accumulated in model.train() mode with dropout 0.3 and augmentation active and averaged across the epoch while the weights update, while val_nll is a single clean eval-mode pass on the epoch-end weights. All three differences inflate train_nll and the gap is val_nll - train_nll, so the true gap is at least this large and by an unknown margin"
m4_fusion,20250721,15,0.302685,0.795147,0.492462,0.231183,0.000701,13.41,False,False,8,16,"LOWER BOUND, not a measured train-validation gap: train_nll is accumulated in model.train() mode with dropout 0.3 and augmentation active and averaged across the epoch while the weights update, while val_nll is a single clean eval-mode pass on the epoch-end weights. All three differences inflate train_nll and the gap is val_nll - train_nll, so the true gap is at least this large and by an unknown margin"
m4_fusion,20250722,0,0.605761,0.629499,0.023738,0.092875,0.000506,8.28,True,False,-8,17,"LOWER BOUND, not a measured train-validation gap: train_nll is accumulated in model.train() mode with dropout 0.3 and augmentation active and averaged across the epoch while the weights update, while val_nll is a single clean eval-mode pass on the epoch-end weights. All three differences inflate train_nll and the gap is val_nll - train_nll, so the true gap is at least this large and by an unknown margin"
m4_fusion,20250722,1,0.598195,0.665416,0.067221,0.128792,0.001,8.23,False,False,-7,17,"LOWER BOUND, not a measured train-validation gap: train_nll is accumulated in model.train() mode with dropout 0.3 and augmentation active and averaged across the epoch while the weights update, while val_nll is a single clean eval-mode pass on the epoch-end weights. All three differences inflate train_nll and the gap is val_nll - train_nll, so the true gap is at least this large and by an unknown margin"
m4_fusion,20250722,2,0.599751,0.631969,0.032217,0.095345,0.000998,8.18,False,False,-6,17,"LOWER BOUND, not a measured train-validation gap: train_nll is accumulated in model.train() mode with dropout 0.3 and augmentation active and averaged across the epoch while the weights update, while val_nll is a single clean eval-mode pass on the epoch-end weights. All three differences inflate train_nll and the gap is val_nll - train_nll, so the true gap is at least this large and by an unknown margin"
m4_fusion,20250722,3,0.598281,0.645336,0.047055,0.108713,0.000993,13.4,False,False,-5,17,"LOWER BOUND, not a measured train-validation gap: train_nll is accumulated in model.train() mode with dropout 0.3 and augmentation active and averaged across the epoch while the weights update, while val_nll is a single clean eval-mode pass on the epoch-end weights. All three differences inflate train_nll and the gap is val_nll - train_nll, so the true gap is at least this large and by an unknown margin"
m4_fusion,20250722,4,0.563233,0.638595,0.075361,0.101971,0.000985,13.47,False,False,-4,17,"LOWER BOUND, not a measured train-validation gap: train_nll is accumulated in model.train() mode with dropout 0.3 and augmentation active and averaged across the epoch while the weights update, while val_nll is a single clean eval-mode pass on the epoch-end weights. All three differences inflate train_nll and the gap is val_nll - train_nll, so the true gap is at least this large and by an unknown margin"
m4_fusion,20250722,5,0.552868,0.575971,0.023102,0.039347,0.000973,13.73,True,False,-3,17,"LOWER BOUND, not a measured train-validation gap: train_nll is accumulated in model.train() mode with dropout 0.3 and augmentation active and averaged across the epoch while the weights update, while val_nll is a single clean eval-mode pass on the epoch-end weights. All three differences inflate train_nll and the gap is val_nll - train_nll, so the true gap is at least this large and by an unknown margin"
m4_fusion,20250722,6,0.544341,0.585957,0.041616,0.049333,0.000958,13.68,False,False,-2,17,"LOWER BOUND, not a measured train-validation gap: train_nll is accumulated in model.train() mode with dropout 0.3 and augmentation active and averaged across the epoch while the weights update, while val_nll is a single clean eval-mode pass on the epoch-end weights. All three differences inflate train_nll and the gap is val_nll - train_nll, so the true gap is at least this large and by an unknown margin"
m4_fusion,20250722,7,0.517417,0.562598,0.045181,0.025974,0.00094,13.47,True,False,-1,17,"LOWER BOUND, not a measured train-validation gap: train_nll is accumulated in model.train() mode with dropout 0.3 and augmentation active and averaged across the epoch while the weights update, while val_nll is a single clean eval-mode pass on the epoch-end weights. All three differences inflate train_nll and the gap is val_nll - train_nll, so the true gap is at least this large and by an unknown margin"
m4_fusion,20250722,8,0.497065,0.536624,0.039559,0.0,0.000919,13.44,True,True,0,17,"LOWER BOUND, not a measured train-validation gap: train_nll is accumulated in model.train() mode with dropout 0.3 and augmentation active and averaged across the epoch while the weights update, while val_nll is a single clean eval-mode pass on the epoch-end weights. All three differences inflate train_nll and the gap is val_nll - train_nll, so the true gap is at least this large and by an unknown margin"
m4_fusion,20250722,9,0.476674,0.573837,0.097163,0.037213,0.000895,13.42,False,False,1,17,"LOWER BOUND, not a measured train-validation gap: train_nll is accumulated in model.train() mode with dropout 0.3 and augmentation active and averaged across the epoch while the weights update, while val_nll is a single clean eval-mode pass on the epoch-end weights. All three differences inflate train_nll and the gap is val_nll - train_nll, so the true gap is at least this large and by an unknown margin"
m4_fusion,20250722,10,0.431468,0.624473,0.193005,0.087849,0.000868,13.62,False,False,2,17,"LOWER BOUND, not a measured train-validation gap: train_nll is accumulated in model.train() mode with dropout 0.3 and augmentation active and averaged across the epoch while the weights update, while val_nll is a single clean eval-mode pass on the epoch-end weights. All three differences inflate train_nll and the gap is val_nll - train_nll, so the true gap is at least this large and by an unknown margin"
m4_fusion,20250722,11,0.417787,0.763075,0.345288,0.226452,0.000839,13.45,False,False,3,17,"LOWER BOUND, not a measured train-validation gap: train_nll is accumulated in model.train() mode with dropout 0.3 and augmentation active and averaged across the epoch while the weights update, while val_nll is a single clean eval-mode pass on the epoch-end weights. All three differences inflate train_nll and the gap is val_nll - train_nll, so the true gap is at least this large and by an unknown margin"
m4_fusion,20250722,12,0.39408,0.680681,0.286601,0.144057,0.000807,13.61,False,False,4,17,"LOWER BOUND, not a measured train-validation gap: train_nll is accumulated in model.train() mode with dropout 0.3 and augmentation active and averaged across the epoch while the weights update, while val_nll is a single clean eval-mode pass on the epoch-end weights. All three differences inflate train_nll and the gap is val_nll - train_nll, so the true gap is at least this large and by an unknown margin"
m4_fusion,20250722,13,0.361855,0.719991,0.358136,0.183367,0.000773,13.5,False,False,5,17,"LOWER BOUND, not a measured train-validation gap: train_nll is accumulated in model.train() mode with dropout 0.3 and augmentation active and averaged across the epoch while the weights update, while val_nll is a single clean eval-mode pass on the epoch-end weights. All three differences inflate train_nll and the gap is val_nll - train_nll, so the true gap is at least this large and by an unknown margin"
m4_fusion,20250722,14,0.350819,0.689305,0.338486,0.152681,0.000738,13.74,False,False,6,17,"LOWER BOUND, not a measured train-validation gap: train_nll is accumulated in model.train() mode with dropout 0.3 and augmentation active and averaged across the epoch while the weights update, while val_nll is a single clean eval-mode pass on the epoch-end weights. All three differences inflate train_nll and the gap is val_nll - train_nll, so the true gap is at least this large and by an unknown margin"
m4_fusion,20250722,15,0.337388,0.692939,0.355551,0.156316,0.000701,13.49,False,False,7,17,"LOWER BOUND, not a measured train-validation gap: train_nll is accumulated in model.train() mode with dropout 0.3 and augmentation active and averaged across the epoch while the weights update, while val_nll is a single clean eval-mode pass on the epoch-end weights. All three differences inflate train_nll and the gap is val_nll - train_nll, so the true gap is at least this large and by an unknown margin"
m4_fusion,20250722,16,0.307527,0.760666,0.453139,0.224043,0.000662,13.65,False,False,8,17,"LOWER BOUND, not a measured train-validation gap: train_nll is accumulated in model.train() mode with dropout 0.3 and augmentation active and averaged across the epoch while the weights update, while val_nll is a single clean eval-mode pass on the epoch-end weights. All three differences inflate train_nll and the gap is val_nll - train_nll, so the true gap is at least this large and by an unknown margin"
m4_fusion,20250723,0,0.607237,0.633279,0.026042,0.066995,0.000506,8.25,True,False,-5,14,"LOWER BOUND, not a measured train-validation gap: train_nll is accumulated in model.train() mode with dropout 0.3 and augmentation active and averaged across the epoch while the weights update, while val_nll is a single clean eval-mode pass on the epoch-end weights. All three differences inflate train_nll and the gap is val_nll - train_nll, so the true gap is at least this large and by an unknown margin"
m4_fusion,20250723,1,0.599456,0.640171,0.040715,0.073888,0.001,8.17,False,False,-4,14,"LOWER BOUND, not a measured train-validation gap: train_nll is accumulated in model.train() mode with dropout 0.3 and augmentation active and averaged across the epoch while the weights update, while val_nll is a single clean eval-mode pass on the epoch-end weights. All three differences inflate train_nll and the gap is val_nll - train_nll, so the true gap is at least this large and by an unknown margin"
m4_fusion,20250723,2,0.595863,0.625437,0.029574,0.059153,0.000998,8.82,True,False,-3,14,"LOWER BOUND, not a measured train-validation gap: train_nll is accumulated in model.train() mode with dropout 0.3 and augmentation active and averaged across the epoch while the weights update, while val_nll is a single clean eval-mode pass on the epoch-end weights. All three differences inflate train_nll and the gap is val_nll - train_nll, so the true gap is at least this large and by an unknown margin"
m4_fusion,20250723,3,0.583233,0.605954,0.022721,0.03967,0.000993,13.61,True,False,-2,14,"LOWER BOUND, not a measured train-validation gap: train_nll is accumulated in model.train() mode with dropout 0.3 and augmentation active and averaged across the epoch while the weights update, while val_nll is a single clean eval-mode pass on the epoch-end weights. All three differences inflate train_nll and the gap is val_nll - train_nll, so the true gap is at least this large and by an unknown margin"
m4_fusion,20250723,4,0.571886,0.596373,0.024487,0.030089,0.000985,13.42,True,False,-1,14,"LOWER BOUND, not a measured train-validation gap: train_nll is accumulated in model.train() mode with dropout 0.3 and augmentation active and averaged across the epoch while the weights update, while val_nll is a single clean eval-mode pass on the epoch-end weights. All three differences inflate train_nll and the gap is val_nll - train_nll, so the true gap is at least this large and by an unknown margin"
m4_fusion,20250723,5,0.537226,0.566284,0.029057,0.0,0.000973,13.35,True,True,0,14,"LOWER BOUND, not a measured train-validation gap: train_nll is accumulated in model.train() mode with dropout 0.3 and augmentation active and averaged across the epoch while the weights update, while val_nll is a single clean eval-mode pass on the epoch-end weights. All three differences inflate train_nll and the gap is val_nll - train_nll, so the true gap is at least this large and by an unknown margin"
m4_fusion,20250723,6,0.513737,0.575936,0.062199,0.009652,0.000958,13.53,False,False,1,14,"LOWER BOUND, not a measured train-validation gap: train_nll is accumulated in model.train() mode with dropout 0.3 and augmentation active and averaged across the epoch while the weights update, while val_nll is a single clean eval-mode pass on the epoch-end weights. All three differences inflate train_nll and the gap is val_nll - train_nll, so the true gap is at least this large and by an unknown margin"
m4_fusion,20250723,7,0.491605,0.606131,0.114526,0.039847,0.00094,13.73,False,False,2,14,"LOWER BOUND, not a measured train-validation gap: train_nll is accumulated in model.train() mode with dropout 0.3 and augmentation active and averaged across the epoch while the weights update, while val_nll is a single clean eval-mode pass on the epoch-end weights. All three differences inflate train_nll and the gap is val_nll - train_nll, so the true gap is at least this large and by an unknown margin"
m4_fusion,20250723,8,0.452045,0.629059,0.177014,0.062775,0.000919,13.54,False,False,3,14,"LOWER BOUND, not a measured train-validation gap: train_nll is accumulated in model.train() mode with dropout 0.3 and augmentation active and averaged across the epoch while the weights update, while val_nll is a single clean eval-mode pass on the epoch-end weights. All three differences inflate train_nll and the gap is val_nll - train_nll, so the true gap is at least this large and by an unknown margin"
m4_fusion,20250723,9,0.419427,0.662052,0.242625,0.095768,0.000895,13.62,False,False,4,14,"LOWER BOUND, not a measured train-validation gap: train_nll is accumulated in model.train() mode with dropout 0.3 and augmentation active and averaged across the epoch while the weights update, while val_nll is a single clean eval-mode pass on the epoch-end weights. All three differences inflate train_nll and the gap is val_nll - train_nll, so the true gap is at least this large and by an unknown margin"
m4_fusion,20250723,10,0.393218,0.666492,0.273274,0.100208,0.000868,13.53,False,False,5,14,"LOWER BOUND, not a measured train-validation gap: train_nll is accumulated in model.train() mode with dropout 0.3 and augmentation active and averaged across the epoch while the weights update, while val_nll is a single clean eval-mode pass on the epoch-end weights. All three differences inflate train_nll and the gap is val_nll - train_nll, so the true gap is at least this large and by an unknown margin"
m4_fusion,20250723,11,0.364049,0.773876,0.409827,0.207592,0.000839,13.57,False,False,6,14,"LOWER BOUND, not a measured train-validation gap: train_nll is accumulated in model.train() mode with dropout 0.3 and augmentation active and averaged across the epoch while the weights update, while val_nll is a single clean eval-mode pass on the epoch-end weights. All three differences inflate train_nll and the gap is val_nll - train_nll, so the true gap is at least this large and by an unknown margin"
m4_fusion,20250723,12,0.352594,1.197852,0.845258,0.631568,0.000807,13.45,False,False,7,14,"LOWER BOUND, not a measured train-validation gap: train_nll is accumulated in model.train() mode with dropout 0.3 and augmentation active and averaged across the epoch while the weights update, while val_nll is a single clean eval-mode pass on the epoch-end weights. All three differences inflate train_nll and the gap is val_nll - train_nll, so the true gap is at least this large and by an unknown margin"
m4_fusion,20250723,13,0.339829,0.703533,0.363704,0.137249,0.000773,13.61,False,False,8,14,"LOWER BOUND, not a measured train-validation gap: train_nll is accumulated in model.train() mode with dropout 0.3 and augmentation active and averaged across the epoch while the weights update, while val_nll is a single clean eval-mode pass on the epoch-end weights. All three differences inflate train_nll and the gap is val_nll - train_nll, so the true gap is at least this large and by an unknown margin"
m4_fusion,20250724,0,0.603876,0.634312,0.030436,0.074444,0.000506,8.39,True,False,-7,16,"LOWER BOUND, not a measured train-validation gap: train_nll is accumulated in model.train() mode with dropout 0.3 and augmentation active and averaged across the epoch while the weights update, while val_nll is a single clean eval-mode pass on the epoch-end weights. All three differences inflate train_nll and the gap is val_nll - train_nll, so the true gap is at least this large and by an unknown margin"
m4_fusion,20250724,1,0.598843,0.652989,0.054145,0.093121,0.001,8.23,False,False,-6,16,"LOWER BOUND, not a measured train-validation gap: train_nll is accumulated in model.train() mode with dropout 0.3 and augmentation active and averaged across the epoch while the weights update, while val_nll is a single clean eval-mode pass on the epoch-end weights. All three differences inflate train_nll and the gap is val_nll - train_nll, so the true gap is at least this large and by an unknown margin"
m4_fusion,20250724,2,0.594874,0.617457,0.022583,0.057589,0.000998,8.48,True,False,-5,16,"LOWER BOUND, not a measured train-validation gap: train_nll is accumulated in model.train() mode with dropout 0.3 and augmentation active and averaged across the epoch while the weights update, while val_nll is a single clean eval-mode pass on the epoch-end weights. All three differences inflate train_nll and the gap is val_nll - train_nll, so the true gap is at least this large and by an unknown margin"
m4_fusion,20250724,3,0.588184,0.60753,0.019346,0.047662,0.000993,13.72,True,False,-4,16,"LOWER BOUND, not a measured train-validation gap: train_nll is accumulated in model.train() mode with dropout 0.3 and augmentation active and averaged across the epoch while the weights update, while val_nll is a single clean eval-mode pass on the epoch-end weights. All three differences inflate train_nll and the gap is val_nll - train_nll, so the true gap is at least this large and by an unknown margin"
m4_fusion,20250724,4,0.569014,0.607774,0.03876,0.047906,0.000985,13.85,False,False,-3,16,"LOWER BOUND, not a measured train-validation gap: train_nll is accumulated in model.train() mode with dropout 0.3 and augmentation active and averaged across the epoch while the weights update, while val_nll is a single clean eval-mode pass on the epoch-end weights. All three differences inflate train_nll and the gap is val_nll - train_nll, so the true gap is at least this large and by an unknown margin"
m4_fusion,20250724,5,0.546819,0.654668,0.107848,0.094799,0.000973,13.47,False,False,-2,16,"LOWER BOUND, not a measured train-validation gap: train_nll is accumulated in model.train() mode with dropout 0.3 and augmentation active and averaged across the epoch while the weights update, while val_nll is a single clean eval-mode pass on the epoch-end weights. All three differences inflate train_nll and the gap is val_nll - train_nll, so the true gap is at least this large and by an unknown margin"
m4_fusion,20250724,6,0.524,0.612721,0.088721,0.052853,0.000958,13.64,False,False,-1,16,"LOWER BOUND, not a measured train-validation gap: train_nll is accumulated in model.train() mode with dropout 0.3 and augmentation active and averaged across the epoch while the weights update, while val_nll is a single clean eval-mode pass on the epoch-end weights. All three differences inflate train_nll and the gap is val_nll - train_nll, so the true gap is at least this large and by an unknown margin"
m4_fusion,20250724,7,0.503307,0.559868,0.056561,0.0,0.00094,13.48,True,True,0,16,"LOWER BOUND, not a measured train-validation gap: train_nll is accumulated in model.train() mode with dropout 0.3 and augmentation active and averaged across the epoch while the weights update, while val_nll is a single clean eval-mode pass on the epoch-end weights. All three differences inflate train_nll and the gap is val_nll - train_nll, so the true gap is at least this large and by an unknown margin"
m4_fusion,20250724,8,0.487207,0.643925,0.156718,0.084057,0.000919,13.55,False,False,1,16,"LOWER BOUND, not a measured train-validation gap: train_nll is accumulated in model.train() mode with dropout 0.3 and augmentation active and averaged across the epoch while the weights update, while val_nll is a single clean eval-mode pass on the epoch-end weights. All three differences inflate train_nll and the gap is val_nll - train_nll, so the true gap is at least this large and by an unknown margin"
m4_fusion,20250724,9,0.44631,0.608196,0.161887,0.048328,0.000895,13.42,False,False,2,16,"LOWER BOUND, not a measured train-validation gap: train_nll is accumulated in model.train() mode with dropout 0.3 and augmentation active and averaged across the epoch while the weights update, while val_nll is a single clean eval-mode pass on the epoch-end weights. All three differences inflate train_nll and the gap is val_nll - train_nll, so the true gap is at least this large and by an unknown margin"
m4_fusion,20250724,10,0.433706,0.620932,0.187226,0.061064,0.000868,13.36,False,False,3,16,"LOWER BOUND, not a measured train-validation gap: train_nll is accumulated in model.train() mode with dropout 0.3 and augmentation active and averaged across the epoch while the weights update, while val_nll is a single clean eval-mode pass on the epoch-end weights. All three differences inflate train_nll and the gap is val_nll - train_nll, so the true gap is at least this large and by an unknown margin"
m4_fusion,20250724,11,0.378371,0.698961,0.32059,0.139093,0.000839,13.75,False,False,4,16,"LOWER BOUND, not a measured train-validation gap: train_nll is accumulated in model.train() mode with dropout 0.3 and augmentation active and averaged across the epoch while the weights update, while val_nll is a single clean eval-mode pass on the epoch-end weights. All three differences inflate train_nll and the gap is val_nll - train_nll, so the true gap is at least this large and by an unknown margin"
m4_fusion,20250724,12,0.36377,0.689935,0.326165,0.130067,0.000807,13.53,False,False,5,16,"LOWER BOUND, not a measured train-validation gap: train_nll is accumulated in model.train() mode with dropout 0.3 and augmentation active and averaged across the epoch while the weights update, while val_nll is a single clean eval-mode pass on the epoch-end weights. All three differences inflate train_nll and the gap is val_nll - train_nll, so the true gap is at least this large and by an unknown margin"
m4_fusion,20250724,13,0.354605,0.813472,0.458867,0.253604,0.000773,13.5,False,False,6,16,"LOWER BOUND, not a measured train-validation gap: train_nll is accumulated in model.train() mode with dropout 0.3 and augmentation active and averaged across the epoch while the weights update, while val_nll is a single clean eval-mode pass on the epoch-end weights. All three differences inflate train_nll and the gap is val_nll - train_nll, so the true gap is at least this large and by an unknown margin"
m4_fusion,20250724,14,0.342902,0.797881,0.454979,0.238013,0.000738,13.77,False,False,7,16,"LOWER BOUND, not a measured train-validation gap: train_nll is accumulated in model.train() mode with dropout 0.3 and augmentation active and averaged across the epoch while the weights update, while val_nll is a single clean eval-mode pass on the epoch-end weights. All three differences inflate train_nll and the gap is val_nll - train_nll, so the true gap is at least this large and by an unknown margin"
m4_fusion,20250724,15,0.32653,0.783567,0.457037,0.223699,0.000701,13.79,False,False,8,16,"LOWER BOUND, not a measured train-validation gap: train_nll is accumulated in model.train() mode with dropout 0.3 and augmentation active and averaged across the epoch while the weights update, while val_nll is a single clean eval-mode pass on the epoch-end weights. All three differences inflate train_nll and the gap is val_nll - train_nll, so the true gap is at least this large and by an unknown margin"
m3_image,20250720,0,0.602427,0.641081,0.038655,0.069078,0.000506,8.23,True,False,-8,17,"LOWER BOUND, not a measured train-validation gap: train_nll is accumulated in model.train() mode with dropout 0.3 and augmentation active and averaged across the epoch while the weights update, while val_nll is a single clean eval-mode pass on the epoch-end weights. All three differences inflate train_nll and the gap is val_nll - train_nll, so the true gap is at least this large and by an unknown margin"
m3_image,20250720,1,0.607628,0.637177,0.029549,0.065174,0.001,8.25,True,False,-7,17,"LOWER BOUND, not a measured train-validation gap: train_nll is accumulated in model.train() mode with dropout 0.3 and augmentation active and averaged across the epoch while the weights update, while val_nll is a single clean eval-mode pass on the epoch-end weights. All three differences inflate train_nll and the gap is val_nll - train_nll, so the true gap is at least this large and by an unknown margin"
m3_image,20250720,2,0.596488,0.618405,0.021917,0.046402,0.000998,8.18,True,False,-6,17,"LOWER BOUND, not a measured train-validation gap: train_nll is accumulated in model.train() mode with dropout 0.3 and augmentation active and averaged across the epoch while the weights update, while val_nll is a single clean eval-mode pass on the epoch-end weights. All three differences inflate train_nll and the gap is val_nll - train_nll, so the true gap is at least this large and by an unknown margin"
m3_image,20250720,3,0.585798,0.641928,0.05613,0.069925,0.000993,13.6,False,False,-5,17,"LOWER BOUND, not a measured train-validation gap: train_nll is accumulated in model.train() mode with dropout 0.3 and augmentation active and averaged across the epoch while the weights update, while val_nll is a single clean eval-mode pass on the epoch-end weights. All three differences inflate train_nll and the gap is val_nll - train_nll, so the true gap is at least this large and by an unknown margin"
m3_image,20250720,4,0.566991,0.605758,0.038767,0.033755,0.000985,13.52,True,False,-4,17,"LOWER BOUND, not a measured train-validation gap: train_nll is accumulated in model.train() mode with dropout 0.3 and augmentation active and averaged across the epoch while the weights update, while val_nll is a single clean eval-mode pass on the epoch-end weights. All three differences inflate train_nll and the gap is val_nll - train_nll, so the true gap is at least this large and by an unknown margin"
m3_image,20250720,5,0.549729,0.640891,0.091162,0.068889,0.000973,13.54,False,False,-3,17,"LOWER BOUND, not a measured train-validation gap: train_nll is accumulated in model.train() mode with dropout 0.3 and augmentation active and averaged across the epoch while the weights update, while val_nll is a single clean eval-mode pass on the epoch-end weights. All three differences inflate train_nll and the gap is val_nll - train_nll, so the true gap is at least this large and by an unknown margin"
m3_image,20250720,6,0.536139,0.604539,0.0684,0.032536,0.000958,13.68,True,False,-2,17,"LOWER BOUND, not a measured train-validation gap: train_nll is accumulated in model.train() mode with dropout 0.3 and augmentation active and averaged across the epoch while the weights update, while val_nll is a single clean eval-mode pass on the epoch-end weights. All three differences inflate train_nll and the gap is val_nll - train_nll, so the true gap is at least this large and by an unknown margin"
m3_image,20250720,7,0.506657,0.661403,0.154746,0.0894,0.00094,13.49,False,False,-1,17,"LOWER BOUND, not a measured train-validation gap: train_nll is accumulated in model.train() mode with dropout 0.3 and augmentation active and averaged across the epoch while the weights update, while val_nll is a single clean eval-mode pass on the epoch-end weights. All three differences inflate train_nll and the gap is val_nll - train_nll, so the true gap is at least this large and by an unknown margin"
m3_image,20250720,8,0.487054,0.572003,0.084949,0.0,0.000919,13.6,True,True,0,17,"LOWER BOUND, not a measured train-validation gap: train_nll is accumulated in model.train() mode with dropout 0.3 and augmentation active and averaged across the epoch while the weights update, while val_nll is a single clean eval-mode pass on the epoch-end weights. All three differences inflate train_nll and the gap is val_nll - train_nll, so the true gap is at least this large and by an unknown margin"
m3_image,20250720,9,0.459236,0.664742,0.205507,0.092739,0.000895,13.43,False,False,1,17,"LOWER BOUND, not a measured train-validation gap: train_nll is accumulated in model.train() mode with dropout 0.3 and augmentation active and averaged across the epoch while the weights update, while val_nll is a single clean eval-mode pass on the epoch-end weights. All three differences inflate train_nll and the gap is val_nll - train_nll, so the true gap is at least this large and by an unknown margin"
m3_image,20250720,10,0.419194,0.741446,0.322252,0.169443,0.000868,13.59,False,False,2,17,"LOWER BOUND, not a measured train-validation gap: train_nll is accumulated in model.train() mode with dropout 0.3 and augmentation active and averaged across the epoch while the weights update, while val_nll is a single clean eval-mode pass on the epoch-end weights. All three differences inflate train_nll and the gap is val_nll - train_nll, so the true gap is at least this large and by an unknown margin"
m3_image,20250720,11,0.402572,0.722092,0.31952,0.150089,0.000839,13.49,False,False,3,17,"LOWER BOUND, not a measured train-validation gap: train_nll is accumulated in model.train() mode with dropout 0.3 and augmentation active and averaged across the epoch while the weights update, while val_nll is a single clean eval-mode pass on the epoch-end weights. All three differences inflate train_nll and the gap is val_nll - train_nll, so the true gap is at least this large and by an unknown margin"
m3_image,20250720,12,0.373877,0.716952,0.343075,0.144949,0.000807,13.47,False,False,4,17,"LOWER BOUND, not a measured train-validation gap: train_nll is accumulated in model.train() mode with dropout 0.3 and augmentation active and averaged across the epoch while the weights update, while val_nll is a single clean eval-mode pass on the epoch-end weights. All three differences inflate train_nll and the gap is val_nll - train_nll, so the true gap is at least this large and by an unknown margin"
m3_image,20250720,13,0.361465,0.829932,0.468467,0.257929,0.000773,13.54,False,False,5,17,"LOWER BOUND, not a measured train-validation gap: train_nll is accumulated in model.train() mode with dropout 0.3 and augmentation active and averaged across the epoch while the weights update, while val_nll is a single clean eval-mode pass on the epoch-end weights. All three differences inflate train_nll and the gap is val_nll - train_nll, so the true gap is at least this large and by an unknown margin"
m3_image,20250720,14,0.342208,0.823327,0.481119,0.251324,0.000738,13.49,False,False,6,17,"LOWER BOUND, not a measured train-validation gap: train_nll is accumulated in model.train() mode with dropout 0.3 and augmentation active and averaged across the epoch while the weights update, while val_nll is a single clean eval-mode pass on the epoch-end weights. All three differences inflate train_nll and the gap is val_nll - train_nll, so the true gap is at least this large and by an unknown margin"
m3_image,20250720,15,0.311168,0.844194,0.533025,0.272191,0.000701,13.61,False,False,7,17,"LOWER BOUND, not a measured train-validation gap: train_nll is accumulated in model.train() mode with dropout 0.3 and augmentation active and averaged across the epoch while the weights update, while val_nll is a single clean eval-mode pass on the epoch-end weights. All three differences inflate train_nll and the gap is val_nll - train_nll, so the true gap is at least this large and by an unknown margin"
m3_image,20250720,16,0.308934,0.971766,0.662831,0.399763,0.000662,13.6,False,False,8,17,"LOWER BOUND, not a measured train-validation gap: train_nll is accumulated in model.train() mode with dropout 0.3 and augmentation active and averaged across the epoch while the weights update, while val_nll is a single clean eval-mode pass on the epoch-end weights. All three differences inflate train_nll and the gap is val_nll - train_nll, so the true gap is at least this large and by an unknown margin"
m3_image,20250721,0,0.606617,0.634719,0.028101,0.040355,0.000506,8.27,True,False,-7,16,"LOWER BOUND, not a measured train-validation gap: train_nll is accumulated in model.train() mode with dropout 0.3 and augmentation active and averaged across the epoch while the weights update, while val_nll is a single clean eval-mode pass on the epoch-end weights. All three differences inflate train_nll and the gap is val_nll - train_nll, so the true gap is at least this large and by an unknown margin"
m3_image,20250721,1,0.594675,0.652007,0.057331,0.057643,0.001,8.1,False,False,-6,16,"LOWER BOUND, not a measured train-validation gap: train_nll is accumulated in model.train() mode with dropout 0.3 and augmentation active and averaged across the epoch while the weights update, while val_nll is a single clean eval-mode pass on the epoch-end weights. All three differences inflate train_nll and the gap is val_nll - train_nll, so the true gap is at least this large and by an unknown margin"
m3_image,20250721,2,0.595665,0.633342,0.037678,0.038979,0.000998,8.21,True,False,-5,16,"LOWER BOUND, not a measured train-validation gap: train_nll is accumulated in model.train() mode with dropout 0.3 and augmentation active and averaged across the epoch while the weights update, while val_nll is a single clean eval-mode pass on the epoch-end weights. All three differences inflate train_nll and the gap is val_nll - train_nll, so the true gap is at least this large and by an unknown margin"
m3_image,20250721,3,0.586974,0.610368,0.023394,0.016005,0.000993,13.48,True,False,-4,16,"LOWER BOUND, not a measured train-validation gap: train_nll is accumulated in model.train() mode with dropout 0.3 and augmentation active and averaged across the epoch while the weights update, while val_nll is a single clean eval-mode pass on the epoch-end weights. All three differences inflate train_nll and the gap is val_nll - train_nll, so the true gap is at least this large and by an unknown margin"
m3_image,20250721,4,0.57079,0.620915,0.050125,0.026552,0.000985,13.5,False,False,-3,16,"LOWER BOUND, not a measured train-validation gap: train_nll is accumulated in model.train() mode with dropout 0.3 and augmentation active and averaged across the epoch while the weights update, while val_nll is a single clean eval-mode pass on the epoch-end weights. All three differences inflate train_nll and the gap is val_nll - train_nll, so the true gap is at least this large and by an unknown margin"
m3_image,20250721,5,0.551969,0.608827,0.056858,0.014463,0.000973,13.49,True,False,-2,16,"LOWER BOUND, not a measured train-validation gap: train_nll is accumulated in model.train() mode with dropout 0.3 and augmentation active and averaged across the epoch while the weights update, while val_nll is a single clean eval-mode pass on the epoch-end weights. All three differences inflate train_nll and the gap is val_nll - train_nll, so the true gap is at least this large and by an unknown margin"
m3_image,20250721,6,0.524883,0.609365,0.084482,0.015002,0.000958,13.43,False,False,-1,16,"LOWER BOUND, not a measured train-validation gap: train_nll is accumulated in model.train() mode with dropout 0.3 and augmentation active and averaged across the epoch while the weights update, while val_nll is a single clean eval-mode pass on the epoch-end weights. All three differences inflate train_nll and the gap is val_nll - train_nll, so the true gap is at least this large and by an unknown margin"
m3_image,20250721,7,0.50719,0.594364,0.087174,0.0,0.00094,13.87,True,True,0,16,"LOWER BOUND, not a measured train-validation gap: train_nll is accumulated in model.train() mode with dropout 0.3 and augmentation active and averaged across the epoch while the weights update, while val_nll is a single clean eval-mode pass on the epoch-end weights. All three differences inflate train_nll and the gap is val_nll - train_nll, so the true gap is at least this large and by an unknown margin"
m3_image,20250721,8,0.473854,0.647835,0.173981,0.053471,0.000919,13.53,False,False,1,16,"LOWER BOUND, not a measured train-validation gap: train_nll is accumulated in model.train() mode with dropout 0.3 and augmentation active and averaged across the epoch while the weights update, while val_nll is a single clean eval-mode pass on the epoch-end weights. All three differences inflate train_nll and the gap is val_nll - train_nll, so the true gap is at least this large and by an unknown margin"
m3_image,20250721,9,0.441959,0.649448,0.207489,0.055084,0.000895,13.43,False,False,2,16,"LOWER BOUND, not a measured train-validation gap: train_nll is accumulated in model.train() mode with dropout 0.3 and augmentation active and averaged across the epoch while the weights update, while val_nll is a single clean eval-mode pass on the epoch-end weights. All three differences inflate train_nll and the gap is val_nll - train_nll, so the true gap is at least this large and by an unknown margin"
m3_image,20250721,10,0.425219,0.718485,0.293266,0.124121,0.000868,13.51,False,False,3,16,"LOWER BOUND, not a measured train-validation gap: train_nll is accumulated in model.train() mode with dropout 0.3 and augmentation active and averaged across the epoch while the weights update, while val_nll is a single clean eval-mode pass on the epoch-end weights. All three differences inflate train_nll and the gap is val_nll - train_nll, so the true gap is at least this large and by an unknown margin"
m3_image,20250721,11,0.39882,0.739006,0.340185,0.144642,0.000839,13.54,False,False,4,16,"LOWER BOUND, not a measured train-validation gap: train_nll is accumulated in model.train() mode with dropout 0.3 and augmentation active and averaged across the epoch while the weights update, while val_nll is a single clean eval-mode pass on the epoch-end weights. All three differences inflate train_nll and the gap is val_nll - train_nll, so the true gap is at least this large and by an unknown margin"
m3_image,20250721,12,0.388924,0.742699,0.353774,0.148335,0.000807,13.67,False,False,5,16,"LOWER BOUND, not a measured train-validation gap: train_nll is accumulated in model.train() mode with dropout 0.3 and augmentation active and averaged across the epoch while the weights update, while val_nll is a single clean eval-mode pass on the epoch-end weights. All three differences inflate train_nll and the gap is val_nll - train_nll, so the true gap is at least this large and by an unknown margin"
m3_image,20250721,13,0.352779,0.890678,0.537899,0.296314,0.000773,13.63,False,False,6,16,"LOWER BOUND, not a measured train-validation gap: train_nll is accumulated in model.train() mode with dropout 0.3 and augmentation active and averaged across the epoch while the weights update, while val_nll is a single clean eval-mode pass on the epoch-end weights. All three differences inflate train_nll and the gap is val_nll - train_nll, so the true gap is at least this large and by an unknown margin"
m3_image,20250721,14,0.328741,0.782423,0.453682,0.18806,0.000738,13.76,False,False,7,16,"LOWER BOUND, not a measured train-validation gap: train_nll is accumulated in model.train() mode with dropout 0.3 and augmentation active and averaged across the epoch while the weights update, while val_nll is a single clean eval-mode pass on the epoch-end weights. All three differences inflate train_nll and the gap is val_nll - train_nll, so the true gap is at least this large and by an unknown margin"
m3_image,20250721,15,0.310866,0.952373,0.641508,0.35801,0.000701,13.45,False,False,8,16,"LOWER BOUND, not a measured train-validation gap: train_nll is accumulated in model.train() mode with dropout 0.3 and augmentation active and averaged across the epoch while the weights update, while val_nll is a single clean eval-mode pass on the epoch-end weights. All three differences inflate train_nll and the gap is val_nll - train_nll, so the true gap is at least this large and by an unknown margin"
m3_image,20250722,0,0.604144,0.629985,0.025841,0.05845,0.000506,8.36,True,False,-9,18,"LOWER BOUND, not a measured train-validation gap: train_nll is accumulated in model.train() mode with dropout 0.3 and augmentation active and averaged across the epoch while the weights update, while val_nll is a single clean eval-mode pass on the epoch-end weights. All three differences inflate train_nll and the gap is val_nll - train_nll, so the true gap is at least this large and by an unknown margin"
m3_image,20250722,1,0.595905,0.63836,0.042455,0.066826,0.001,8.18,False,False,-8,18,"LOWER BOUND, not a measured train-validation gap: train_nll is accumulated in model.train() mode with dropout 0.3 and augmentation active and averaged across the epoch while the weights update, while val_nll is a single clean eval-mode pass on the epoch-end weights. All three differences inflate train_nll and the gap is val_nll - train_nll, so the true gap is at least this large and by an unknown margin"
m3_image,20250722,2,0.596449,0.638093,0.041644,0.066559,0.000998,8.22,False,False,-7,18,"LOWER BOUND, not a measured train-validation gap: train_nll is accumulated in model.train() mode with dropout 0.3 and augmentation active and averaged across the epoch while the weights update, while val_nll is a single clean eval-mode pass on the epoch-end weights. All three differences inflate train_nll and the gap is val_nll - train_nll, so the true gap is at least this large and by an unknown margin"
m3_image,20250722,3,0.585022,0.648496,0.063475,0.076962,0.000993,13.8,False,False,-6,18,"LOWER BOUND, not a measured train-validation gap: train_nll is accumulated in model.train() mode with dropout 0.3 and augmentation active and averaged across the epoch while the weights update, while val_nll is a single clean eval-mode pass on the epoch-end weights. All three differences inflate train_nll and the gap is val_nll - train_nll, so the true gap is at least this large and by an unknown margin"
m3_image,20250722,4,0.559309,0.594383,0.035074,0.022848,0.000985,13.79,True,False,-5,18,"LOWER BOUND, not a measured train-validation gap: train_nll is accumulated in model.train() mode with dropout 0.3 and augmentation active and averaged across the epoch while the weights update, while val_nll is a single clean eval-mode pass on the epoch-end weights. All three differences inflate train_nll and the gap is val_nll - train_nll, so the true gap is at least this large and by an unknown margin"
m3_image,20250722,5,0.543081,0.585337,0.042256,0.013803,0.000973,13.65,True,False,-4,18,"LOWER BOUND, not a measured train-validation gap: train_nll is accumulated in model.train() mode with dropout 0.3 and augmentation active and averaged across the epoch while the weights update, while val_nll is a single clean eval-mode pass on the epoch-end weights. All three differences inflate train_nll and the gap is val_nll - train_nll, so the true gap is at least this large and by an unknown margin"
m3_image,20250722,6,0.537342,0.586705,0.049362,0.01517,0.000958,13.52,False,False,-3,18,"LOWER BOUND, not a measured train-validation gap: train_nll is accumulated in model.train() mode with dropout 0.3 and augmentation active and averaged across the epoch while the weights update, while val_nll is a single clean eval-mode pass on the epoch-end weights. All three differences inflate train_nll and the gap is val_nll - train_nll, so the true gap is at least this large and by an unknown margin"
m3_image,20250722,7,0.523997,0.616165,0.092168,0.044631,0.00094,13.56,False,False,-2,18,"LOWER BOUND, not a measured train-validation gap: train_nll is accumulated in model.train() mode with dropout 0.3 and augmentation active and averaged across the epoch while the weights update, while val_nll is a single clean eval-mode pass on the epoch-end weights. All three differences inflate train_nll and the gap is val_nll - train_nll, so the true gap is at least this large and by an unknown margin"
m3_image,20250722,8,0.499311,0.604414,0.105103,0.03288,0.000919,13.41,False,False,-1,18,"LOWER BOUND, not a measured train-validation gap: train_nll is accumulated in model.train() mode with dropout 0.3 and augmentation active and averaged across the epoch while the weights update, while val_nll is a single clean eval-mode pass on the epoch-end weights. All three differences inflate train_nll and the gap is val_nll - train_nll, so the true gap is at least this large and by an unknown margin"
m3_image,20250722,9,0.48909,0.571534,0.082444,0.0,0.000895,13.86,True,True,0,18,"LOWER BOUND, not a measured train-validation gap: train_nll is accumulated in model.train() mode with dropout 0.3 and augmentation active and averaged across the epoch while the weights update, while val_nll is a single clean eval-mode pass on the epoch-end weights. All three differences inflate train_nll and the gap is val_nll - train_nll, so the true gap is at least this large and by an unknown margin"
m3_image,20250722,10,0.449963,0.594177,0.144214,0.022643,0.000868,13.49,False,False,1,18,"LOWER BOUND, not a measured train-validation gap: train_nll is accumulated in model.train() mode with dropout 0.3 and augmentation active and averaged across the epoch while the weights update, while val_nll is a single clean eval-mode pass on the epoch-end weights. All three differences inflate train_nll and the gap is val_nll - train_nll, so the true gap is at least this large and by an unknown margin"
m3_image,20250722,11,0.438596,0.587678,0.149082,0.016144,0.000839,13.59,False,False,2,18,"LOWER BOUND, not a measured train-validation gap: train_nll is accumulated in model.train() mode with dropout 0.3 and augmentation active and averaged across the epoch while the weights update, while val_nll is a single clean eval-mode pass on the epoch-end weights. All three differences inflate train_nll and the gap is val_nll - train_nll, so the true gap is at least this large and by an unknown margin"
m3_image,20250722,12,0.405379,0.663511,0.258133,0.091977,0.000807,13.57,False,False,3,18,"LOWER BOUND, not a measured train-validation gap: train_nll is accumulated in model.train() mode with dropout 0.3 and augmentation active and averaged across the epoch while the weights update, while val_nll is a single clean eval-mode pass on the epoch-end weights. All three differences inflate train_nll and the gap is val_nll - train_nll, so the true gap is at least this large and by an unknown margin"
m3_image,20250722,13,0.362685,0.723913,0.361228,0.152379,0.000773,13.58,False,False,4,18,"LOWER BOUND, not a measured train-validation gap: train_nll is accumulated in model.train() mode with dropout 0.3 and augmentation active and averaged across the epoch while the weights update, while val_nll is a single clean eval-mode pass on the epoch-end weights. All three differences inflate train_nll and the gap is val_nll - train_nll, so the true gap is at least this large and by an unknown margin"
m3_image,20250722,14,0.355113,0.725396,0.370283,0.153861,0.000738,13.6,False,False,5,18,"LOWER BOUND, not a measured train-validation gap: train_nll is accumulated in model.train() mode with dropout 0.3 and augmentation active and averaged across the epoch while the weights update, while val_nll is a single clean eval-mode pass on the epoch-end weights. All three differences inflate train_nll and the gap is val_nll - train_nll, so the true gap is at least this large and by an unknown margin"
m3_image,20250722,15,0.332742,0.734115,0.401373,0.16258,0.000701,13.51,False,False,6,18,"LOWER BOUND, not a measured train-validation gap: train_nll is accumulated in model.train() mode with dropout 0.3 and augmentation active and averaged across the epoch while the weights update, while val_nll is a single clean eval-mode pass on the epoch-end weights. All three differences inflate train_nll and the gap is val_nll - train_nll, so the true gap is at least this large and by an unknown margin"
m3_image,20250722,16,0.315652,0.834618,0.518965,0.263083,0.000662,13.59,False,False,7,18,"LOWER BOUND, not a measured train-validation gap: train_nll is accumulated in model.train() mode with dropout 0.3 and augmentation active and averaged across the epoch while the weights update, while val_nll is a single clean eval-mode pass on the epoch-end weights. All three differences inflate train_nll and the gap is val_nll - train_nll, so the true gap is at least this large and by an unknown margin"
m3_image,20250722,17,0.314945,0.858441,0.543496,0.286906,0.000623,13.63,False,False,8,18,"LOWER BOUND, not a measured train-validation gap: train_nll is accumulated in model.train() mode with dropout 0.3 and augmentation active and averaged across the epoch while the weights update, while val_nll is a single clean eval-mode pass on the epoch-end weights. All three differences inflate train_nll and the gap is val_nll - train_nll, so the true gap is at least this large and by an unknown margin"
m3_image,20250723,0,0.6067,0.635085,0.028385,0.076557,0.000506,8.22,True,False,-5,14,"LOWER BOUND, not a measured train-validation gap: train_nll is accumulated in model.train() mode with dropout 0.3 and augmentation active and averaged across the epoch while the weights update, while val_nll is a single clean eval-mode pass on the epoch-end weights. All three differences inflate train_nll and the gap is val_nll - train_nll, so the true gap is at least this large and by an unknown margin"
m3_image,20250723,1,0.597671,0.648635,0.050964,0.090107,0.001,8.32,False,False,-4,14,"LOWER BOUND, not a measured train-validation gap: train_nll is accumulated in model.train() mode with dropout 0.3 and augmentation active and averaged across the epoch while the weights update, while val_nll is a single clean eval-mode pass on the epoch-end weights. All three differences inflate train_nll and the gap is val_nll - train_nll, so the true gap is at least this large and by an unknown margin"
m3_image,20250723,2,0.60078,0.625521,0.024742,0.066993,0.000998,8.36,True,False,-3,14,"LOWER BOUND, not a measured train-validation gap: train_nll is accumulated in model.train() mode with dropout 0.3 and augmentation active and averaged across the epoch while the weights update, while val_nll is a single clean eval-mode pass on the epoch-end weights. All three differences inflate train_nll and the gap is val_nll - train_nll, so the true gap is at least this large and by an unknown margin"
m3_image,20250723,3,0.583321,0.596818,0.013497,0.03829,0.000993,13.55,True,False,-2,14,"LOWER BOUND, not a measured train-validation gap: train_nll is accumulated in model.train() mode with dropout 0.3 and augmentation active and averaged across the epoch while the weights update, while val_nll is a single clean eval-mode pass on the epoch-end weights. All three differences inflate train_nll and the gap is val_nll - train_nll, so the true gap is at least this large and by an unknown margin"
m3_image,20250723,4,0.566555,0.573312,0.006757,0.014784,0.000985,13.64,True,False,-1,14,"LOWER BOUND, not a measured train-validation gap: train_nll is accumulated in model.train() mode with dropout 0.3 and augmentation active and averaged across the epoch while the weights update, while val_nll is a single clean eval-mode pass on the epoch-end weights. All three differences inflate train_nll and the gap is val_nll - train_nll, so the true gap is at least this large and by an unknown margin"
m3_image,20250723,5,0.543292,0.558528,0.015235,0.0,0.000973,13.47,True,True,0,14,"LOWER BOUND, not a measured train-validation gap: train_nll is accumulated in model.train() mode with dropout 0.3 and augmentation active and averaged across the epoch while the weights update, while val_nll is a single clean eval-mode pass on the epoch-end weights. All three differences inflate train_nll and the gap is val_nll - train_nll, so the true gap is at least this large and by an unknown margin"
m3_image,20250723,6,0.521611,0.626797,0.105186,0.068269,0.000958,13.63,False,False,1,14,"LOWER BOUND, not a measured train-validation gap: train_nll is accumulated in model.train() mode with dropout 0.3 and augmentation active and averaged across the epoch while the weights update, while val_nll is a single clean eval-mode pass on the epoch-end weights. All three differences inflate train_nll and the gap is val_nll - train_nll, so the true gap is at least this large and by an unknown margin"
m3_image,20250723,7,0.503898,0.580631,0.076733,0.022103,0.00094,13.48,False,False,2,14,"LOWER BOUND, not a measured train-validation gap: train_nll is accumulated in model.train() mode with dropout 0.3 and augmentation active and averaged across the epoch while the weights update, while val_nll is a single clean eval-mode pass on the epoch-end weights. All three differences inflate train_nll and the gap is val_nll - train_nll, so the true gap is at least this large and by an unknown margin"
m3_image,20250723,8,0.481042,0.589949,0.108906,0.031421,0.000919,13.37,False,False,3,14,"LOWER BOUND, not a measured train-validation gap: train_nll is accumulated in model.train() mode with dropout 0.3 and augmentation active and averaged across the epoch while the weights update, while val_nll is a single clean eval-mode pass on the epoch-end weights. All three differences inflate train_nll and the gap is val_nll - train_nll, so the true gap is at least this large and by an unknown margin"
m3_image,20250723,9,0.4575,0.633374,0.175874,0.074846,0.000895,13.39,False,False,4,14,"LOWER BOUND, not a measured train-validation gap: train_nll is accumulated in model.train() mode with dropout 0.3 and augmentation active and averaged across the epoch while the weights update, while val_nll is a single clean eval-mode pass on the epoch-end weights. All three differences inflate train_nll and the gap is val_nll - train_nll, so the true gap is at least this large and by an unknown margin"
m3_image,20250723,10,0.435271,0.690042,0.254771,0.131515,0.000868,13.88,False,False,5,14,"LOWER BOUND, not a measured train-validation gap: train_nll is accumulated in model.train() mode with dropout 0.3 and augmentation active and averaged across the epoch while the weights update, while val_nll is a single clean eval-mode pass on the epoch-end weights. All three differences inflate train_nll and the gap is val_nll - train_nll, so the true gap is at least this large and by an unknown margin"
m3_image,20250723,11,0.415772,0.696393,0.28062,0.137865,0.000839,13.89,False,False,6,14,"LOWER BOUND, not a measured train-validation gap: train_nll is accumulated in model.train() mode with dropout 0.3 and augmentation active and averaged across the epoch while the weights update, while val_nll is a single clean eval-mode pass on the epoch-end weights. All three differences inflate train_nll and the gap is val_nll - train_nll, so the true gap is at least this large and by an unknown margin"
m3_image,20250723,12,0.390649,0.796667,0.406018,0.238139,0.000807,13.57,False,False,7,14,"LOWER BOUND, not a measured train-validation gap: train_nll is accumulated in model.train() mode with dropout 0.3 and augmentation active and averaged across the epoch while the weights update, while val_nll is a single clean eval-mode pass on the epoch-end weights. All three differences inflate train_nll and the gap is val_nll - train_nll, so the true gap is at least this large and by an unknown margin"
m3_image,20250723,13,0.370794,0.724937,0.354143,0.166409,0.000773,13.37,False,False,8,14,"LOWER BOUND, not a measured train-validation gap: train_nll is accumulated in model.train() mode with dropout 0.3 and augmentation active and averaged across the epoch while the weights update, while val_nll is a single clean eval-mode pass on the epoch-end weights. All three differences inflate train_nll and the gap is val_nll - train_nll, so the true gap is at least this large and by an unknown margin"
m3_image,20250724,0,0.605584,0.636911,0.031327,0.057512,0.000506,8.31,True,False,-3,12,"LOWER BOUND, not a measured train-validation gap: train_nll is accumulated in model.train() mode with dropout 0.3 and augmentation active and averaged across the epoch while the weights update, while val_nll is a single clean eval-mode pass on the epoch-end weights. All three differences inflate train_nll and the gap is val_nll - train_nll, so the true gap is at least this large and by an unknown margin"
m3_image,20250724,1,0.603389,0.643488,0.040099,0.064089,0.001,8.23,False,False,-2,12,"LOWER BOUND, not a measured train-validation gap: train_nll is accumulated in model.train() mode with dropout 0.3 and augmentation active and averaged across the epoch while the weights update, while val_nll is a single clean eval-mode pass on the epoch-end weights. All three differences inflate train_nll and the gap is val_nll - train_nll, so the true gap is at least this large and by an unknown margin"
m3_image,20250724,2,0.594357,0.624194,0.029837,0.044795,0.000998,8.34,True,False,-1,12,"LOWER BOUND, not a measured train-validation gap: train_nll is accumulated in model.train() mode with dropout 0.3 and augmentation active and averaged across the epoch while the weights update, while val_nll is a single clean eval-mode pass on the epoch-end weights. All three differences inflate train_nll and the gap is val_nll - train_nll, so the true gap is at least this large and by an unknown margin"
m3_image,20250724,3,0.587432,0.579399,-0.008034,0.0,0.000993,13.49,True,True,0,12,"LOWER BOUND, not a measured train-validation gap: train_nll is accumulated in model.train() mode with dropout 0.3 and augmentation active and averaged across the epoch while the weights update, while val_nll is a single clean eval-mode pass on the epoch-end weights. All three differences inflate train_nll and the gap is val_nll - train_nll, so the true gap is at least this large and by an unknown margin"
m3_image,20250724,4,0.567513,0.580703,0.01319,0.001304,0.000985,13.69,False,False,1,12,"LOWER BOUND, not a measured train-validation gap: train_nll is accumulated in model.train() mode with dropout 0.3 and augmentation active and averaged across the epoch while the weights update, while val_nll is a single clean eval-mode pass on the epoch-end weights. All three differences inflate train_nll and the gap is val_nll - train_nll, so the true gap is at least this large and by an unknown margin"
m3_image,20250724,5,0.554451,0.611622,0.057171,0.032224,0.000973,13.52,False,False,2,12,"LOWER BOUND, not a measured train-validation gap: train_nll is accumulated in model.train() mode with dropout 0.3 and augmentation active and averaged across the epoch while the weights update, while val_nll is a single clean eval-mode pass on the epoch-end weights. All three differences inflate train_nll and the gap is val_nll - train_nll, so the true gap is at least this large and by an unknown margin"
m3_image,20250724,6,0.537529,0.607204,0.069675,0.027806,0.000958,13.45,False,False,3,12,"LOWER BOUND, not a measured train-validation gap: train_nll is accumulated in model.train() mode with dropout 0.3 and augmentation active and averaged across the epoch while the weights update, while val_nll is a single clean eval-mode pass on the epoch-end weights. All three differences inflate train_nll and the gap is val_nll - train_nll, so the true gap is at least this large and by an unknown margin"
m3_image,20250724,7,0.509891,0.606799,0.096908,0.0274,0.00094,13.42,False,False,4,12,"LOWER BOUND, not a measured train-validation gap: train_nll is accumulated in model.train() mode with dropout 0.3 and augmentation active and averaged across the epoch while the weights update, while val_nll is a single clean eval-mode pass on the epoch-end weights. All three differences inflate train_nll and the gap is val_nll - train_nll, so the true gap is at least this large and by an unknown margin"
m3_image,20250724,8,0.496277,0.643731,0.147454,0.064332,0.000919,13.63,False,False,5,12,"LOWER BOUND, not a measured train-validation gap: train_nll is accumulated in model.train() mode with dropout 0.3 and augmentation active and averaged across the epoch while the weights update, while val_nll is a single clean eval-mode pass on the epoch-end weights. All three differences inflate train_nll and the gap is val_nll - train_nll, so the true gap is at least this large and by an unknown margin"
m3_image,20250724,9,0.450224,0.990676,0.540452,0.411277,0.000895,13.48,False,False,6,12,"LOWER BOUND, not a measured train-validation gap: train_nll is accumulated in model.train() mode with dropout 0.3 and augmentation active and averaged across the epoch while the weights update, while val_nll is a single clean eval-mode pass on the epoch-end weights. All three differences inflate train_nll and the gap is val_nll - train_nll, so the true gap is at least this large and by an unknown margin"
m3_image,20250724,10,0.45026,0.659884,0.209625,0.080486,0.000868,13.41,False,False,7,12,"LOWER BOUND, not a measured train-validation gap: train_nll is accumulated in model.train() mode with dropout 0.3 and augmentation active and averaged across the epoch while the weights update, while val_nll is a single clean eval-mode pass on the epoch-end weights. All three differences inflate train_nll and the gap is val_nll - train_nll, so the true gap is at least this large and by an unknown margin"
m3_image,20250724,11,0.408049,1.168827,0.760779,0.589429,0.000839,13.57,False,False,8,12,"LOWER BOUND, not a measured train-validation gap: train_nll is accumulated in model.train() mode with dropout 0.3 and augmentation active and averaged across the epoch while the weights update, while val_nll is a single clean eval-mode pass on the epoch-end weights. All three differences inflate train_nll and the gap is val_nll - train_nll, so the true gap is at least this large and by an unknown margin"
m2_frontal,20250720,0,0.612169,0.648337,0.036168,0.07034,0.000506,6.77,True,False,-6,15,"LOWER BOUND, not a measured train-validation gap: train_nll is accumulated in model.train() mode with dropout 0.3 and augmentation active and averaged across the epoch while the weights update, while val_nll is a single clean eval-mode pass on the epoch-end weights. All three differences inflate train_nll and the gap is val_nll - train_nll, so the true gap is at least this large and by an unknown margin"
m2_frontal,20250720,1,0.616374,0.640507,0.024132,0.062509,0.001,6.02,True,False,-5,15,"LOWER BOUND, not a measured train-validation gap: train_nll is accumulated in model.train() mode with dropout 0.3 and augmentation active and averaged across the epoch while the weights update, while val_nll is a single clean eval-mode pass on the epoch-end weights. All three differences inflate train_nll and the gap is val_nll - train_nll, so the true gap is at least this large and by an unknown margin"
m2_frontal,20250720,2,0.615596,0.6287,0.013104,0.050703,0.000998,6.13,True,False,-4,15,"LOWER BOUND, not a measured train-validation gap: train_nll is accumulated in model.train() mode with dropout 0.3 and augmentation active and averaged across the epoch while the weights update, while val_nll is a single clean eval-mode pass on the epoch-end weights. All three differences inflate train_nll and the gap is val_nll - train_nll, so the true gap is at least this large and by an unknown margin"
m2_frontal,20250720,3,0.615174,0.632779,0.017605,0.054781,0.000993,12.12,False,False,-3,15,"LOWER BOUND, not a measured train-validation gap: train_nll is accumulated in model.train() mode with dropout 0.3 and augmentation active and averaged across the epoch while the weights update, while val_nll is a single clean eval-mode pass on the epoch-end weights. All three differences inflate train_nll and the gap is val_nll - train_nll, so the true gap is at least this large and by an unknown margin"
m2_frontal,20250720,4,0.607499,0.62611,0.018611,0.048112,0.000985,10.91,True,False,-2,15,"LOWER BOUND, not a measured train-validation gap: train_nll is accumulated in model.train() mode with dropout 0.3 and augmentation active and averaged across the epoch while the weights update, while val_nll is a single clean eval-mode pass on the epoch-end weights. All three differences inflate train_nll and the gap is val_nll - train_nll, so the true gap is at least this large and by an unknown margin"
m2_frontal,20250720,5,0.589265,0.599051,0.009786,0.021053,0.000973,10.97,True,False,-1,15,"LOWER BOUND, not a measured train-validation gap: train_nll is accumulated in model.train() mode with dropout 0.3 and augmentation active and averaged across the epoch while the weights update, while val_nll is a single clean eval-mode pass on the epoch-end weights. All three differences inflate train_nll and the gap is val_nll - train_nll, so the true gap is at least this large and by an unknown margin"
m2_frontal,20250720,6,0.572681,0.577998,0.005317,0.0,0.000958,10.95,True,True,0,15,"LOWER BOUND, not a measured train-validation gap: train_nll is accumulated in model.train() mode with dropout 0.3 and augmentation active and averaged across the epoch while the weights update, while val_nll is a single clean eval-mode pass on the epoch-end weights. All three differences inflate train_nll and the gap is val_nll - train_nll, so the true gap is at least this large and by an unknown margin"
m2_frontal,20250720,7,0.561886,0.583598,0.021712,0.005601,0.00094,11.04,False,False,1,15,"LOWER BOUND, not a measured train-validation gap: train_nll is accumulated in model.train() mode with dropout 0.3 and augmentation active and averaged across the epoch while the weights update, while val_nll is a single clean eval-mode pass on the epoch-end weights. All three differences inflate train_nll and the gap is val_nll - train_nll, so the true gap is at least this large and by an unknown margin"
m2_frontal,20250720,8,0.540795,0.610428,0.069633,0.03243,0.000919,10.6,False,False,2,15,"LOWER BOUND, not a measured train-validation gap: train_nll is accumulated in model.train() mode with dropout 0.3 and augmentation active and averaged across the epoch while the weights update, while val_nll is a single clean eval-mode pass on the epoch-end weights. All three differences inflate train_nll and the gap is val_nll - train_nll, so the true gap is at least this large and by an unknown margin"
m2_frontal,20250720,9,0.513871,0.696022,0.182151,0.118024,0.000895,10.93,False,False,3,15,"LOWER BOUND, not a measured train-validation gap: train_nll is accumulated in model.train() mode with dropout 0.3 and augmentation active and averaged across the epoch while the weights update, while val_nll is a single clean eval-mode pass on the epoch-end weights. All three differences inflate train_nll and the gap is val_nll - train_nll, so the true gap is at least this large and by an unknown margin"
m2_frontal,20250720,10,0.490229,0.602487,0.112258,0.02449,0.000868,10.82,False,False,4,15,"LOWER BOUND, not a measured train-validation gap: train_nll is accumulated in model.train() mode with dropout 0.3 and augmentation active and averaged across the epoch while the weights update, while val_nll is a single clean eval-mode pass on the epoch-end weights. All three differences inflate train_nll and the gap is val_nll - train_nll, so the true gap is at least this large and by an unknown margin"
m2_frontal,20250720,11,0.46218,0.606983,0.144803,0.028986,0.000839,11.06,False,False,5,15,"LOWER BOUND, not a measured train-validation gap: train_nll is accumulated in model.train() mode with dropout 0.3 and augmentation active and averaged across the epoch while the weights update, while val_nll is a single clean eval-mode pass on the epoch-end weights. All three differences inflate train_nll and the gap is val_nll - train_nll, so the true gap is at least this large and by an unknown margin"
m2_frontal,20250720,12,0.428435,0.775234,0.346798,0.197236,0.000807,10.79,False,False,6,15,"LOWER BOUND, not a measured train-validation gap: train_nll is accumulated in model.train() mode with dropout 0.3 and augmentation active and averaged across the epoch while the weights update, while val_nll is a single clean eval-mode pass on the epoch-end weights. All three differences inflate train_nll and the gap is val_nll - train_nll, so the true gap is at least this large and by an unknown margin"
m2_frontal,20250720,13,0.413019,0.730338,0.317319,0.15234,0.000773,11.07,False,False,7,15,"LOWER BOUND, not a measured train-validation gap: train_nll is accumulated in model.train() mode with dropout 0.3 and augmentation active and averaged across the epoch while the weights update, while val_nll is a single clean eval-mode pass on the epoch-end weights. All three differences inflate train_nll and the gap is val_nll - train_nll, so the true gap is at least this large and by an unknown margin"
m2_frontal,20250720,14,0.385894,0.730876,0.344982,0.152879,0.000738,10.94,False,False,8,15,"LOWER BOUND, not a measured train-validation gap: train_nll is accumulated in model.train() mode with dropout 0.3 and augmentation active and averaged across the epoch while the weights update, while val_nll is a single clean eval-mode pass on the epoch-end weights. All three differences inflate train_nll and the gap is val_nll - train_nll, so the true gap is at least this large and by an unknown margin"
m2_frontal,20250721,0,0.613353,0.636392,0.023039,0.051233,0.000506,6.07,True,False,-8,17,"LOWER BOUND, not a measured train-validation gap: train_nll is accumulated in model.train() mode with dropout 0.3 and augmentation active and averaged across the epoch while the weights update, while val_nll is a single clean eval-mode pass on the epoch-end weights. All three differences inflate train_nll and the gap is val_nll - train_nll, so the true gap is at least this large and by an unknown margin"
m2_frontal,20250721,1,0.616057,0.643593,0.027536,0.058435,0.001,5.99,False,False,-7,17,"LOWER BOUND, not a measured train-validation gap: train_nll is accumulated in model.train() mode with dropout 0.3 and augmentation active and averaged across the epoch while the weights update, while val_nll is a single clean eval-mode pass on the epoch-end weights. All three differences inflate train_nll and the gap is val_nll - train_nll, so the true gap is at least this large and by an unknown margin"
m2_frontal,20250721,2,0.612891,0.64239,0.029499,0.057231,0.000998,6.07,False,False,-6,17,"LOWER BOUND, not a measured train-validation gap: train_nll is accumulated in model.train() mode with dropout 0.3 and augmentation active and averaged across the epoch while the weights update, while val_nll is a single clean eval-mode pass on the epoch-end weights. All three differences inflate train_nll and the gap is val_nll - train_nll, so the true gap is at least this large and by an unknown margin"
m2_frontal,20250721,3,0.610935,0.627919,0.016984,0.04276,0.000993,10.93,True,False,-5,17,"LOWER BOUND, not a measured train-validation gap: train_nll is accumulated in model.train() mode with dropout 0.3 and augmentation active and averaged across the epoch while the weights update, while val_nll is a single clean eval-mode pass on the epoch-end weights. All three differences inflate train_nll and the gap is val_nll - train_nll, so the true gap is at least this large and by an unknown margin"
m2_frontal,20250721,4,0.600789,0.594797,-0.005992,0.009638,0.000985,10.82,True,False,-4,17,"LOWER BOUND, not a measured train-validation gap: train_nll is accumulated in model.train() mode with dropout 0.3 and augmentation active and averaged across the epoch while the weights update, while val_nll is a single clean eval-mode pass on the epoch-end weights. All three differences inflate train_nll and the gap is val_nll - train_nll, so the true gap is at least this large and by an unknown margin"
m2_frontal,20250721,5,0.586474,0.589337,0.002864,0.004179,0.000973,11.4,True,False,-3,17,"LOWER BOUND, not a measured train-validation gap: train_nll is accumulated in model.train() mode with dropout 0.3 and augmentation active and averaged across the epoch while the weights update, while val_nll is a single clean eval-mode pass on the epoch-end weights. All three differences inflate train_nll and the gap is val_nll - train_nll, so the true gap is at least this large and by an unknown margin"
m2_frontal,20250721,6,0.577176,0.587526,0.010351,0.002368,0.000958,10.85,True,False,-2,17,"LOWER BOUND, not a measured train-validation gap: train_nll is accumulated in model.train() mode with dropout 0.3 and augmentation active and averaged across the epoch while the weights update, while val_nll is a single clean eval-mode pass on the epoch-end weights. All three differences inflate train_nll and the gap is val_nll - train_nll, so the true gap is at least this large and by an unknown margin"
m2_frontal,20250721,7,0.564053,0.594882,0.030829,0.009723,0.00094,10.92,False,False,-1,17,"LOWER BOUND, not a measured train-validation gap: train_nll is accumulated in model.train() mode with dropout 0.3 and augmentation active and averaged across the epoch while the weights update, while val_nll is a single clean eval-mode pass on the epoch-end weights. All three differences inflate train_nll and the gap is val_nll - train_nll, so the true gap is at least this large and by an unknown margin"
m2_frontal,20250721,8,0.548458,0.585159,0.036701,0.0,0.000919,11.07,True,True,0,17,"LOWER BOUND, not a measured train-validation gap: train_nll is accumulated in model.train() mode with dropout 0.3 and augmentation active and averaged across the epoch while the weights update, while val_nll is a single clean eval-mode pass on the epoch-end weights. All three differences inflate train_nll and the gap is val_nll - train_nll, so the true gap is at least this large and by an unknown margin"
m2_frontal,20250721,9,0.533852,0.629293,0.09544,0.044134,0.000895,10.96,False,False,1,17,"LOWER BOUND, not a measured train-validation gap: train_nll is accumulated in model.train() mode with dropout 0.3 and augmentation active and averaged across the epoch while the weights update, while val_nll is a single clean eval-mode pass on the epoch-end weights. All three differences inflate train_nll and the gap is val_nll - train_nll, so the true gap is at least this large and by an unknown margin"
m2_frontal,20250721,10,0.494983,0.658833,0.16385,0.073674,0.000868,10.85,False,False,2,17,"LOWER BOUND, not a measured train-validation gap: train_nll is accumulated in model.train() mode with dropout 0.3 and augmentation active and averaged across the epoch while the weights update, while val_nll is a single clean eval-mode pass on the epoch-end weights. All three differences inflate train_nll and the gap is val_nll - train_nll, so the true gap is at least this large and by an unknown margin"
m2_frontal,20250721,11,0.478825,0.620653,0.141828,0.035494,0.000839,10.83,False,False,3,17,"LOWER BOUND, not a measured train-validation gap: train_nll is accumulated in model.train() mode with dropout 0.3 and augmentation active and averaged across the epoch while the weights update, while val_nll is a single clean eval-mode pass on the epoch-end weights. All three differences inflate train_nll and the gap is val_nll - train_nll, so the true gap is at least this large and by an unknown margin"
m2_frontal,20250721,12,0.454709,0.652646,0.197937,0.067487,0.000807,10.94,False,False,4,17,"LOWER BOUND, not a measured train-validation gap: train_nll is accumulated in model.train() mode with dropout 0.3 and augmentation active and averaged across the epoch while the weights update, while val_nll is a single clean eval-mode pass on the epoch-end weights. All three differences inflate train_nll and the gap is val_nll - train_nll, so the true gap is at least this large and by an unknown margin"
m2_frontal,20250721,13,0.425596,0.748897,0.323301,0.163738,0.000773,10.99,False,False,5,17,"LOWER BOUND, not a measured train-validation gap: train_nll is accumulated in model.train() mode with dropout 0.3 and augmentation active and averaged across the epoch while the weights update, while val_nll is a single clean eval-mode pass on the epoch-end weights. All three differences inflate train_nll and the gap is val_nll - train_nll, so the true gap is at least this large and by an unknown margin"
m2_frontal,20250721,14,0.391582,0.91972,0.528137,0.334561,0.000738,10.99,False,False,6,17,"LOWER BOUND, not a measured train-validation gap: train_nll is accumulated in model.train() mode with dropout 0.3 and augmentation active and averaged across the epoch while the weights update, while val_nll is a single clean eval-mode pass on the epoch-end weights. All three differences inflate train_nll and the gap is val_nll - train_nll, so the true gap is at least this large and by an unknown margin"
m2_frontal,20250721,15,0.394152,0.655626,0.261474,0.070467,0.000701,11.0,False,False,7,17,"LOWER BOUND, not a measured train-validation gap: train_nll is accumulated in model.train() mode with dropout 0.3 and augmentation active and averaged across the epoch while the weights update, while val_nll is a single clean eval-mode pass on the epoch-end weights. All three differences inflate train_nll and the gap is val_nll - train_nll, so the true gap is at least this large and by an unknown margin"
m2_frontal,20250721,16,0.356665,0.735463,0.378798,0.150305,0.000662,10.67,False,False,8,17,"LOWER BOUND, not a measured train-validation gap: train_nll is accumulated in model.train() mode with dropout 0.3 and augmentation active and averaged across the epoch while the weights update, while val_nll is a single clean eval-mode pass on the epoch-end weights. All three differences inflate train_nll and the gap is val_nll - train_nll, so the true gap is at least this large and by an unknown margin"
m2_frontal,20250722,0,0.613882,0.639719,0.025837,0.045806,0.000506,6.08,True,False,-8,17,"LOWER BOUND, not a measured train-validation gap: train_nll is accumulated in model.train() mode with dropout 0.3 and augmentation active and averaged across the epoch while the weights update, while val_nll is a single clean eval-mode pass on the epoch-end weights. All three differences inflate train_nll and the gap is val_nll - train_nll, so the true gap is at least this large and by an unknown margin"
m2_frontal,20250722,1,0.616949,0.647447,0.030498,0.053534,0.001,6.29,False,False,-7,17,"LOWER BOUND, not a measured train-validation gap: train_nll is accumulated in model.train() mode with dropout 0.3 and augmentation active and averaged across the epoch while the weights update, while val_nll is a single clean eval-mode pass on the epoch-end weights. All three differences inflate train_nll and the gap is val_nll - train_nll, so the true gap is at least this large and by an unknown margin"
m2_frontal,20250722,2,0.615718,0.639657,0.023939,0.045744,0.000998,6.08,True,False,-6,17,"LOWER BOUND, not a measured train-validation gap: train_nll is accumulated in model.train() mode with dropout 0.3 and augmentation active and averaged across the epoch while the weights update, while val_nll is a single clean eval-mode pass on the epoch-end weights. All three differences inflate train_nll and the gap is val_nll - train_nll, so the true gap is at least this large and by an unknown margin"
m2_frontal,20250722,3,0.612415,0.646002,0.033586,0.052088,0.000993,10.68,False,False,-5,17,"LOWER BOUND, not a measured train-validation gap: train_nll is accumulated in model.train() mode with dropout 0.3 and augmentation active and averaged across the epoch while the weights update, while val_nll is a single clean eval-mode pass on the epoch-end weights. All three differences inflate train_nll and the gap is val_nll - train_nll, so the true gap is at least this large and by an unknown margin"
m2_frontal,20250722,4,0.606473,0.611359,0.004887,0.017446,0.000985,10.99,True,False,-4,17,"LOWER BOUND, not a measured train-validation gap: train_nll is accumulated in model.train() mode with dropout 0.3 and augmentation active and averaged across the epoch while the weights update, while val_nll is a single clean eval-mode pass on the epoch-end weights. All three differences inflate train_nll and the gap is val_nll - train_nll, so the true gap is at least this large and by an unknown margin"
m2_frontal,20250722,5,0.599256,0.612076,0.012819,0.018162,0.000973,10.74,False,False,-3,17,"LOWER BOUND, not a measured train-validation gap: train_nll is accumulated in model.train() mode with dropout 0.3 and augmentation active and averaged across the epoch while the weights update, while val_nll is a single clean eval-mode pass on the epoch-end weights. All three differences inflate train_nll and the gap is val_nll - train_nll, so the true gap is at least this large and by an unknown margin"
m2_frontal,20250722,6,0.57693,0.610371,0.033442,0.016458,0.000958,10.83,True,False,-2,17,"LOWER BOUND, not a measured train-validation gap: train_nll is accumulated in model.train() mode with dropout 0.3 and augmentation active and averaged across the epoch while the weights update, while val_nll is a single clean eval-mode pass on the epoch-end weights. All three differences inflate train_nll and the gap is val_nll - train_nll, so the true gap is at least this large and by an unknown margin"
m2_frontal,20250722,7,0.566502,0.633131,0.066629,0.039218,0.00094,11.34,False,False,-1,17,"LOWER BOUND, not a measured train-validation gap: train_nll is accumulated in model.train() mode with dropout 0.3 and augmentation active and averaged across the epoch while the weights update, while val_nll is a single clean eval-mode pass on the epoch-end weights. All three differences inflate train_nll and the gap is val_nll - train_nll, so the true gap is at least this large and by an unknown margin"
m2_frontal,20250722,8,0.555647,0.593913,0.038267,0.0,0.000919,10.99,True,True,0,17,"LOWER BOUND, not a measured train-validation gap: train_nll is accumulated in model.train() mode with dropout 0.3 and augmentation active and averaged across the epoch while the weights update, while val_nll is a single clean eval-mode pass on the epoch-end weights. All three differences inflate train_nll and the gap is val_nll - train_nll, so the true gap is at least this large and by an unknown margin"
m2_frontal,20250722,9,0.534218,0.616397,0.082179,0.022483,0.000895,10.87,False,False,1,17,"LOWER BOUND, not a measured train-validation gap: train_nll is accumulated in model.train() mode with dropout 0.3 and augmentation active and averaged across the epoch while the weights update, while val_nll is a single clean eval-mode pass on the epoch-end weights. All three differences inflate train_nll and the gap is val_nll - train_nll, so the true gap is at least this large and by an unknown margin"
m2_frontal,20250722,10,0.50737,0.639651,0.132281,0.045738,0.000868,10.9,False,False,2,17,"LOWER BOUND, not a measured train-validation gap: train_nll is accumulated in model.train() mode with dropout 0.3 and augmentation active and averaged across the epoch while the weights update, while val_nll is a single clean eval-mode pass on the epoch-end weights. All three differences inflate train_nll and the gap is val_nll - train_nll, so the true gap is at least this large and by an unknown margin"
m2_frontal,20250722,11,0.479264,0.625791,0.146526,0.031878,0.000839,10.92,False,False,3,17,"LOWER BOUND, not a measured train-validation gap: train_nll is accumulated in model.train() mode with dropout 0.3 and augmentation active and averaged across the epoch while the weights update, while val_nll is a single clean eval-mode pass on the epoch-end weights. All three differences inflate train_nll and the gap is val_nll - train_nll, so the true gap is at least this large and by an unknown margin"
m2_frontal,20250722,12,0.429111,0.649131,0.220021,0.055218,0.000807,11.13,False,False,4,17,"LOWER BOUND, not a measured train-validation gap: train_nll is accumulated in model.train() mode with dropout 0.3 and augmentation active and averaged across the epoch while the weights update, while val_nll is a single clean eval-mode pass on the epoch-end weights. All three differences inflate train_nll and the gap is val_nll - train_nll, so the true gap is at least this large and by an unknown margin"
m2_frontal,20250722,13,0.416369,0.680398,0.264029,0.086484,0.000773,11.05,False,False,5,17,"LOWER BOUND, not a measured train-validation gap: train_nll is accumulated in model.train() mode with dropout 0.3 and augmentation active and averaged across the epoch while the weights update, while val_nll is a single clean eval-mode pass on the epoch-end weights. All three differences inflate train_nll and the gap is val_nll - train_nll, so the true gap is at least this large and by an unknown margin"
m2_frontal,20250722,14,0.387608,0.739692,0.352084,0.145779,0.000738,11.07,False,False,6,17,"LOWER BOUND, not a measured train-validation gap: train_nll is accumulated in model.train() mode with dropout 0.3 and augmentation active and averaged across the epoch while the weights update, while val_nll is a single clean eval-mode pass on the epoch-end weights. All three differences inflate train_nll and the gap is val_nll - train_nll, so the true gap is at least this large and by an unknown margin"
m2_frontal,20250722,15,0.360539,0.863761,0.503221,0.269847,0.000701,10.88,False,False,7,17,"LOWER BOUND, not a measured train-validation gap: train_nll is accumulated in model.train() mode with dropout 0.3 and augmentation active and averaged across the epoch while the weights update, while val_nll is a single clean eval-mode pass on the epoch-end weights. All three differences inflate train_nll and the gap is val_nll - train_nll, so the true gap is at least this large and by an unknown margin"
m2_frontal,20250722,16,0.370005,0.747895,0.37789,0.153981,0.000662,10.74,False,False,8,17,"LOWER BOUND, not a measured train-validation gap: train_nll is accumulated in model.train() mode with dropout 0.3 and augmentation active and averaged across the epoch while the weights update, while val_nll is a single clean eval-mode pass on the epoch-end weights. All three differences inflate train_nll and the gap is val_nll - train_nll, so the true gap is at least this large and by an unknown margin"
m2_frontal,20250723,0,0.612422,0.644217,0.031794,0.07609,0.000506,6.04,True,False,-7,16,"LOWER BOUND, not a measured train-validation gap: train_nll is accumulated in model.train() mode with dropout 0.3 and augmentation active and averaged across the epoch while the weights update, while val_nll is a single clean eval-mode pass on the epoch-end weights. All three differences inflate train_nll and the gap is val_nll - train_nll, so the true gap is at least this large and by an unknown margin"
m2_frontal,20250723,1,0.61719,0.646784,0.029594,0.078658,0.001,6.02,False,False,-6,16,"LOWER BOUND, not a measured train-validation gap: train_nll is accumulated in model.train() mode with dropout 0.3 and augmentation active and averaged across the epoch while the weights update, while val_nll is a single clean eval-mode pass on the epoch-end weights. All three differences inflate train_nll and the gap is val_nll - train_nll, so the true gap is at least this large and by an unknown margin"
m2_frontal,20250723,2,0.615204,0.637944,0.02274,0.069817,0.000998,6.05,True,False,-5,16,"LOWER BOUND, not a measured train-validation gap: train_nll is accumulated in model.train() mode with dropout 0.3 and augmentation active and averaged across the epoch while the weights update, while val_nll is a single clean eval-mode pass on the epoch-end weights. All three differences inflate train_nll and the gap is val_nll - train_nll, so the true gap is at least this large and by an unknown margin"
m2_frontal,20250723,3,0.612907,0.627545,0.014638,0.059418,0.000993,11.13,True,False,-4,16,"LOWER BOUND, not a measured train-validation gap: train_nll is accumulated in model.train() mode with dropout 0.3 and augmentation active and averaged across the epoch while the weights update, while val_nll is a single clean eval-mode pass on the epoch-end weights. All three differences inflate train_nll and the gap is val_nll - train_nll, so the true gap is at least this large and by an unknown margin"
m2_frontal,20250723,4,0.601706,0.595097,-0.006608,0.026971,0.000985,11.01,True,False,-3,16,"LOWER BOUND, not a measured train-validation gap: train_nll is accumulated in model.train() mode with dropout 0.3 and augmentation active and averaged across the epoch while the weights update, while val_nll is a single clean eval-mode pass on the epoch-end weights. All three differences inflate train_nll and the gap is val_nll - train_nll, so the true gap is at least this large and by an unknown margin"
m2_frontal,20250723,5,0.580721,0.63587,0.055149,0.067743,0.000973,10.81,False,False,-2,16,"LOWER BOUND, not a measured train-validation gap: train_nll is accumulated in model.train() mode with dropout 0.3 and augmentation active and averaged across the epoch while the weights update, while val_nll is a single clean eval-mode pass on the epoch-end weights. All three differences inflate train_nll and the gap is val_nll - train_nll, so the true gap is at least this large and by an unknown margin"
m2_frontal,20250723,6,0.577765,0.589965,0.012199,0.021838,0.000958,11.38,True,False,-1,16,"LOWER BOUND, not a measured train-validation gap: train_nll is accumulated in model.train() mode with dropout 0.3 and augmentation active and averaged across the epoch while the weights update, while val_nll is a single clean eval-mode pass on the epoch-end weights. All three differences inflate train_nll and the gap is val_nll - train_nll, so the true gap is at least this large and by an unknown margin"
m2_frontal,20250723,7,0.553415,0.568126,0.014711,0.0,0.00094,11.11,True,True,0,16,"LOWER BOUND, not a measured train-validation gap: train_nll is accumulated in model.train() mode with dropout 0.3 and augmentation active and averaged across the epoch while the weights update, while val_nll is a single clean eval-mode pass on the epoch-end weights. All three differences inflate train_nll and the gap is val_nll - train_nll, so the true gap is at least this large and by an unknown margin"
m2_frontal,20250723,8,0.529192,0.588309,0.059117,0.020183,0.000919,11.15,False,False,1,16,"LOWER BOUND, not a measured train-validation gap: train_nll is accumulated in model.train() mode with dropout 0.3 and augmentation active and averaged across the epoch while the weights update, while val_nll is a single clean eval-mode pass on the epoch-end weights. All three differences inflate train_nll and the gap is val_nll - train_nll, so the true gap is at least this large and by an unknown margin"
m2_frontal,20250723,9,0.521606,0.579262,0.057656,0.011136,0.000895,11.15,False,False,2,16,"LOWER BOUND, not a measured train-validation gap: train_nll is accumulated in model.train() mode with dropout 0.3 and augmentation active and averaged across the epoch while the weights update, while val_nll is a single clean eval-mode pass on the epoch-end weights. All three differences inflate train_nll and the gap is val_nll - train_nll, so the true gap is at least this large and by an unknown margin"
m2_frontal,20250723,10,0.511339,0.601778,0.090439,0.033651,0.000868,11.22,False,False,3,16,"LOWER BOUND, not a measured train-validation gap: train_nll is accumulated in model.train() mode with dropout 0.3 and augmentation active and averaged across the epoch while the weights update, while val_nll is a single clean eval-mode pass on the epoch-end weights. All three differences inflate train_nll and the gap is val_nll - train_nll, so the true gap is at least this large and by an unknown margin"
m2_frontal,20250723,11,0.469354,0.669741,0.200387,0.101614,0.000839,10.84,False,False,4,16,"LOWER BOUND, not a measured train-validation gap: train_nll is accumulated in model.train() mode with dropout 0.3 and augmentation active and averaged across the epoch while the weights update, while val_nll is a single clean eval-mode pass on the epoch-end weights. All three differences inflate train_nll and the gap is val_nll - train_nll, so the true gap is at least this large and by an unknown margin"
m2_frontal,20250723,12,0.45066,0.710571,0.259911,0.142445,0.000807,10.56,False,False,5,16,"LOWER BOUND, not a measured train-validation gap: train_nll is accumulated in model.train() mode with dropout 0.3 and augmentation active and averaged across the epoch while the weights update, while val_nll is a single clean eval-mode pass on the epoch-end weights. All three differences inflate train_nll and the gap is val_nll - train_nll, so the true gap is at least this large and by an unknown margin"
m2_frontal,20250723,13,0.424322,0.707016,0.282694,0.138889,0.000773,11.02,False,False,6,16,"LOWER BOUND, not a measured train-validation gap: train_nll is accumulated in model.train() mode with dropout 0.3 and augmentation active and averaged across the epoch while the weights update, while val_nll is a single clean eval-mode pass on the epoch-end weights. All three differences inflate train_nll and the gap is val_nll - train_nll, so the true gap is at least this large and by an unknown margin"
m2_frontal,20250723,14,0.400686,0.998897,0.598211,0.430771,0.000738,10.71,False,False,7,16,"LOWER BOUND, not a measured train-validation gap: train_nll is accumulated in model.train() mode with dropout 0.3 and augmentation active and averaged across the epoch while the weights update, while val_nll is a single clean eval-mode pass on the epoch-end weights. All three differences inflate train_nll and the gap is val_nll - train_nll, so the true gap is at least this large and by an unknown margin"
m2_frontal,20250723,15,0.38887,0.731735,0.342865,0.163609,0.000701,11.29,False,False,8,16,"LOWER BOUND, not a measured train-validation gap: train_nll is accumulated in model.train() mode with dropout 0.3 and augmentation active and averaged across the epoch while the weights update, while val_nll is a single clean eval-mode pass on the epoch-end weights. All three differences inflate train_nll and the gap is val_nll - train_nll, so the true gap is at least this large and by an unknown margin"
m2_frontal,20250724,0,0.611697,0.636653,0.024955,0.05553,0.000506,6.08,True,False,-7,16,"LOWER BOUND, not a measured train-validation gap: train_nll is accumulated in model.train() mode with dropout 0.3 and augmentation active and averaged across the epoch while the weights update, while val_nll is a single clean eval-mode pass on the epoch-end weights. All three differences inflate train_nll and the gap is val_nll - train_nll, so the true gap is at least this large and by an unknown margin"
m2_frontal,20250724,1,0.613408,0.636353,0.022945,0.05523,0.001,6.14,True,False,-6,16,"LOWER BOUND, not a measured train-validation gap: train_nll is accumulated in model.train() mode with dropout 0.3 and augmentation active and averaged across the epoch while the weights update, while val_nll is a single clean eval-mode pass on the epoch-end weights. All three differences inflate train_nll and the gap is val_nll - train_nll, so the true gap is at least this large and by an unknown margin"
m2_frontal,20250724,2,0.614512,0.662322,0.04781,0.081199,0.000998,6.09,False,False,-5,16,"LOWER BOUND, not a measured train-validation gap: train_nll is accumulated in model.train() mode with dropout 0.3 and augmentation active and averaged across the epoch while the weights update, while val_nll is a single clean eval-mode pass on the epoch-end weights. All three differences inflate train_nll and the gap is val_nll - train_nll, so the true gap is at least this large and by an unknown margin"
m2_frontal,20250724,3,0.599335,0.604648,0.005312,0.023525,0.000993,10.44,True,False,-4,16,"LOWER BOUND, not a measured train-validation gap: train_nll is accumulated in model.train() mode with dropout 0.3 and augmentation active and averaged across the epoch while the weights update, while val_nll is a single clean eval-mode pass on the epoch-end weights. All three differences inflate train_nll and the gap is val_nll - train_nll, so the true gap is at least this large and by an unknown margin"
m2_frontal,20250724,4,0.579967,0.618987,0.039019,0.037864,0.000985,10.94,False,False,-3,16,"LOWER BOUND, not a measured train-validation gap: train_nll is accumulated in model.train() mode with dropout 0.3 and augmentation active and averaged across the epoch while the weights update, while val_nll is a single clean eval-mode pass on the epoch-end weights. All three differences inflate train_nll and the gap is val_nll - train_nll, so the true gap is at least this large and by an unknown margin"
m2_frontal,20250724,5,0.568362,0.584007,0.015645,0.002883,0.000973,10.61,True,False,-2,16,"LOWER BOUND, not a measured train-validation gap: train_nll is accumulated in model.train() mode with dropout 0.3 and augmentation active and averaged across the epoch while the weights update, while val_nll is a single clean eval-mode pass on the epoch-end weights. All three differences inflate train_nll and the gap is val_nll - train_nll, so the true gap is at least this large and by an unknown margin"
m2_frontal,20250724,6,0.551766,0.607393,0.055627,0.02627,0.000958,10.94,False,False,-1,16,"LOWER BOUND, not a measured train-validation gap: train_nll is accumulated in model.train() mode with dropout 0.3 and augmentation active and averaged across the epoch while the weights update, while val_nll is a single clean eval-mode pass on the epoch-end weights. All three differences inflate train_nll and the gap is val_nll - train_nll, so the true gap is at least this large and by an unknown margin"
m2_frontal,20250724,7,0.537059,0.581123,0.044064,0.0,0.00094,10.53,True,True,0,16,"LOWER BOUND, not a measured train-validation gap: train_nll is accumulated in model.train() mode with dropout 0.3 and augmentation active and averaged across the epoch while the weights update, while val_nll is a single clean eval-mode pass on the epoch-end weights. All three differences inflate train_nll and the gap is val_nll - train_nll, so the true gap is at least this large and by an unknown margin"
m2_frontal,20250724,8,0.506399,0.613766,0.107368,0.032643,0.000919,11.19,False,False,1,16,"LOWER BOUND, not a measured train-validation gap: train_nll is accumulated in model.train() mode with dropout 0.3 and augmentation active and averaged across the epoch while the weights update, while val_nll is a single clean eval-mode pass on the epoch-end weights. All three differences inflate train_nll and the gap is val_nll - train_nll, so the true gap is at least this large and by an unknown margin"
m2_frontal,20250724,9,0.471643,0.830893,0.359251,0.24977,0.000895,10.63,False,False,2,16,"LOWER BOUND, not a measured train-validation gap: train_nll is accumulated in model.train() mode with dropout 0.3 and augmentation active and averaged across the epoch while the weights update, while val_nll is a single clean eval-mode pass on the epoch-end weights. All three differences inflate train_nll and the gap is val_nll - train_nll, so the true gap is at least this large and by an unknown margin"
m2_frontal,20250724,10,0.463593,0.601863,0.138269,0.02074,0.000868,11.3,False,False,3,16,"LOWER BOUND, not a measured train-validation gap: train_nll is accumulated in model.train() mode with dropout 0.3 and augmentation active and averaged across the epoch while the weights update, while val_nll is a single clean eval-mode pass on the epoch-end weights. All three differences inflate train_nll and the gap is val_nll - train_nll, so the true gap is at least this large and by an unknown margin"
m2_frontal,20250724,11,0.433816,0.745789,0.311973,0.164666,0.000839,10.68,False,False,4,16,"LOWER BOUND, not a measured train-validation gap: train_nll is accumulated in model.train() mode with dropout 0.3 and augmentation active and averaged across the epoch while the weights update, while val_nll is a single clean eval-mode pass on the epoch-end weights. All three differences inflate train_nll and the gap is val_nll - train_nll, so the true gap is at least this large and by an unknown margin"
m2_frontal,20250724,12,0.412172,0.703509,0.291337,0.122386,0.000807,10.89,False,False,5,16,"LOWER BOUND, not a measured train-validation gap: train_nll is accumulated in model.train() mode with dropout 0.3 and augmentation active and averaged across the epoch while the weights update, while val_nll is a single clean eval-mode pass on the epoch-end weights. All three differences inflate train_nll and the gap is val_nll - train_nll, so the true gap is at least this large and by an unknown margin"
m2_frontal,20250724,13,0.380212,0.841591,0.461379,0.260468,0.000773,10.5,False,False,6,16,"LOWER BOUND, not a measured train-validation gap: train_nll is accumulated in model.train() mode with dropout 0.3 and augmentation active and averaged across the epoch while the weights update, while val_nll is a single clean eval-mode pass on the epoch-end weights. All three differences inflate train_nll and the gap is val_nll - train_nll, so the true gap is at least this large and by an unknown margin"
m2_frontal,20250724,14,0.363621,0.773236,0.409615,0.192113,0.000738,11.11,False,False,7,16,"LOWER BOUND, not a measured train-validation gap: train_nll is accumulated in model.train() mode with dropout 0.3 and augmentation active and averaged across the epoch while the weights update, while val_nll is a single clean eval-mode pass on the epoch-end weights. All three differences inflate train_nll and the gap is val_nll - train_nll, so the true gap is at least this large and by an unknown margin"
m2_frontal,20250724,15,0.369616,0.743306,0.37369,0.162183,0.000701,10.75,False,False,8,16,"LOWER BOUND, not a measured train-validation gap: train_nll is accumulated in model.train() mode with dropout 0.3 and augmentation active and averaged across the epoch while the weights update, while val_nll is a single clean eval-mode pass on the epoch-end weights. All three differences inflate train_nll and the gap is val_nll - train_nll, so the true gap is at least this large and by an unknown margin"
m4_frontal,20250720,0,0.612042,0.645133,0.033091,0.061267,0.000506,6.02,True,False,-6,15,"LOWER BOUND, not a measured train-validation gap: train_nll is accumulated in model.train() mode with dropout 0.3 and augmentation active and averaged across the epoch while the weights update, while val_nll is a single clean eval-mode pass on the epoch-end weights. All three differences inflate train_nll and the gap is val_nll - train_nll, so the true gap is at least this large and by an unknown margin"
m4_frontal,20250720,1,0.616791,0.646483,0.029691,0.062617,0.001,5.95,False,False,-5,15,"LOWER BOUND, not a measured train-validation gap: train_nll is accumulated in model.train() mode with dropout 0.3 and augmentation active and averaged across the epoch while the weights update, while val_nll is a single clean eval-mode pass on the epoch-end weights. All three differences inflate train_nll and the gap is val_nll - train_nll, so the true gap is at least this large and by an unknown margin"
m4_frontal,20250720,2,0.616881,0.627764,0.010883,0.043899,0.000998,5.93,True,False,-4,15,"LOWER BOUND, not a measured train-validation gap: train_nll is accumulated in model.train() mode with dropout 0.3 and augmentation active and averaged across the epoch while the weights update, while val_nll is a single clean eval-mode pass on the epoch-end weights. All three differences inflate train_nll and the gap is val_nll - train_nll, so the true gap is at least this large and by an unknown margin"
m4_frontal,20250720,3,0.608518,0.613087,0.004569,0.029222,0.000993,10.38,True,False,-3,15,"LOWER BOUND, not a measured train-validation gap: train_nll is accumulated in model.train() mode with dropout 0.3 and augmentation active and averaged across the epoch while the weights update, while val_nll is a single clean eval-mode pass on the epoch-end weights. All three differences inflate train_nll and the gap is val_nll - train_nll, so the true gap is at least this large and by an unknown margin"
m4_frontal,20250720,4,0.59695,0.604806,0.007856,0.020941,0.000985,10.58,True,False,-2,15,"LOWER BOUND, not a measured train-validation gap: train_nll is accumulated in model.train() mode with dropout 0.3 and augmentation active and averaged across the epoch while the weights update, while val_nll is a single clean eval-mode pass on the epoch-end weights. All three differences inflate train_nll and the gap is val_nll - train_nll, so the true gap is at least this large and by an unknown margin"
m4_frontal,20250720,5,0.570713,0.587083,0.01637,0.003218,0.000973,11.16,True,False,-1,15,"LOWER BOUND, not a measured train-validation gap: train_nll is accumulated in model.train() mode with dropout 0.3 and augmentation active and averaged across the epoch while the weights update, while val_nll is a single clean eval-mode pass on the epoch-end weights. All three differences inflate train_nll and the gap is val_nll - train_nll, so the true gap is at least this large and by an unknown margin"
m4_frontal,20250720,6,0.561482,0.583865,0.022384,0.0,0.000958,10.91,True,True,0,15,"LOWER BOUND, not a measured train-validation gap: train_nll is accumulated in model.train() mode with dropout 0.3 and augmentation active and averaged across the epoch while the weights update, while val_nll is a single clean eval-mode pass on the epoch-end weights. All three differences inflate train_nll and the gap is val_nll - train_nll, so the true gap is at least this large and by an unknown margin"
m4_frontal,20250720,7,0.548001,0.610441,0.06244,0.026576,0.00094,11.16,False,False,1,15,"LOWER BOUND, not a measured train-validation gap: train_nll is accumulated in model.train() mode with dropout 0.3 and augmentation active and averaged across the epoch while the weights update, while val_nll is a single clean eval-mode pass on the epoch-end weights. All three differences inflate train_nll and the gap is val_nll - train_nll, so the true gap is at least this large and by an unknown margin"
m4_frontal,20250720,8,0.521254,0.596916,0.075661,0.01305,0.000919,10.96,False,False,2,15,"LOWER BOUND, not a measured train-validation gap: train_nll is accumulated in model.train() mode with dropout 0.3 and augmentation active and averaged across the epoch while the weights update, while val_nll is a single clean eval-mode pass on the epoch-end weights. All three differences inflate train_nll and the gap is val_nll - train_nll, so the true gap is at least this large and by an unknown margin"
m4_frontal,20250720,9,0.494172,0.607427,0.113255,0.023562,0.000895,10.72,False,False,3,15,"LOWER BOUND, not a measured train-validation gap: train_nll is accumulated in model.train() mode with dropout 0.3 and augmentation active and averaged across the epoch while the weights update, while val_nll is a single clean eval-mode pass on the epoch-end weights. All three differences inflate train_nll and the gap is val_nll - train_nll, so the true gap is at least this large and by an unknown margin"
m4_frontal,20250720,10,0.476746,0.62159,0.144844,0.037725,0.000868,10.78,False,False,4,15,"LOWER BOUND, not a measured train-validation gap: train_nll is accumulated in model.train() mode with dropout 0.3 and augmentation active and averaged across the epoch while the weights update, while val_nll is a single clean eval-mode pass on the epoch-end weights. All three differences inflate train_nll and the gap is val_nll - train_nll, so the true gap is at least this large and by an unknown margin"
m4_frontal,20250720,11,0.431777,0.736521,0.304745,0.152656,0.000839,10.98,False,False,5,15,"LOWER BOUND, not a measured train-validation gap: train_nll is accumulated in model.train() mode with dropout 0.3 and augmentation active and averaged across the epoch while the weights update, while val_nll is a single clean eval-mode pass on the epoch-end weights. All three differences inflate train_nll and the gap is val_nll - train_nll, so the true gap is at least this large and by an unknown margin"
m4_frontal,20250720,12,0.419724,0.642809,0.223085,0.058944,0.000807,11.03,False,False,6,15,"LOWER BOUND, not a measured train-validation gap: train_nll is accumulated in model.train() mode with dropout 0.3 and augmentation active and averaged across the epoch while the weights update, while val_nll is a single clean eval-mode pass on the epoch-end weights. All three differences inflate train_nll and the gap is val_nll - train_nll, so the true gap is at least this large and by an unknown margin"
m4_frontal,20250720,13,0.388744,0.791547,0.402803,0.207681,0.000773,11.17,False,False,7,15,"LOWER BOUND, not a measured train-validation gap: train_nll is accumulated in model.train() mode with dropout 0.3 and augmentation active and averaged across the epoch while the weights update, while val_nll is a single clean eval-mode pass on the epoch-end weights. All three differences inflate train_nll and the gap is val_nll - train_nll, so the true gap is at least this large and by an unknown margin"
m4_frontal,20250720,14,0.36338,0.772622,0.409243,0.188757,0.000738,10.79,False,False,8,15,"LOWER BOUND, not a measured train-validation gap: train_nll is accumulated in model.train() mode with dropout 0.3 and augmentation active and averaged across the epoch while the weights update, while val_nll is a single clean eval-mode pass on the epoch-end weights. All three differences inflate train_nll and the gap is val_nll - train_nll, so the true gap is at least this large and by an unknown margin"
m4_frontal,20250721,0,0.612936,0.636111,0.023175,0.055691,0.000506,5.97,True,False,-6,15,"LOWER BOUND, not a measured train-validation gap: train_nll is accumulated in model.train() mode with dropout 0.3 and augmentation active and averaged across the epoch while the weights update, while val_nll is a single clean eval-mode pass on the epoch-end weights. All three differences inflate train_nll and the gap is val_nll - train_nll, so the true gap is at least this large and by an unknown margin"
m4_frontal,20250721,1,0.615694,0.637719,0.022025,0.057299,0.001,5.86,False,False,-5,15,"LOWER BOUND, not a measured train-validation gap: train_nll is accumulated in model.train() mode with dropout 0.3 and augmentation active and averaged across the epoch while the weights update, while val_nll is a single clean eval-mode pass on the epoch-end weights. All three differences inflate train_nll and the gap is val_nll - train_nll, so the true gap is at least this large and by an unknown margin"
m4_frontal,20250721,2,0.616033,0.638233,0.0222,0.057813,0.000998,5.92,False,False,-4,15,"LOWER BOUND, not a measured train-validation gap: train_nll is accumulated in model.train() mode with dropout 0.3 and augmentation active and averaged across the epoch while the weights update, while val_nll is a single clean eval-mode pass on the epoch-end weights. All three differences inflate train_nll and the gap is val_nll - train_nll, so the true gap is at least this large and by an unknown margin"
m4_frontal,20250721,3,0.61037,0.620304,0.009934,0.039885,0.000993,10.93,True,False,-3,15,"LOWER BOUND, not a measured train-validation gap: train_nll is accumulated in model.train() mode with dropout 0.3 and augmentation active and averaged across the epoch while the weights update, while val_nll is a single clean eval-mode pass on the epoch-end weights. All three differences inflate train_nll and the gap is val_nll - train_nll, so the true gap is at least this large and by an unknown margin"
m4_frontal,20250721,4,0.596977,0.624922,0.027945,0.044502,0.000985,10.75,False,False,-2,15,"LOWER BOUND, not a measured train-validation gap: train_nll is accumulated in model.train() mode with dropout 0.3 and augmentation active and averaged across the epoch while the weights update, while val_nll is a single clean eval-mode pass on the epoch-end weights. All three differences inflate train_nll and the gap is val_nll - train_nll, so the true gap is at least this large and by an unknown margin"
m4_frontal,20250721,5,0.578396,0.596816,0.01842,0.016396,0.000973,11.3,True,False,-1,15,"LOWER BOUND, not a measured train-validation gap: train_nll is accumulated in model.train() mode with dropout 0.3 and augmentation active and averaged across the epoch while the weights update, while val_nll is a single clean eval-mode pass on the epoch-end weights. All three differences inflate train_nll and the gap is val_nll - train_nll, so the true gap is at least this large and by an unknown margin"
m4_frontal,20250721,6,0.568568,0.58042,0.011851,0.0,0.000958,10.86,True,True,0,15,"LOWER BOUND, not a measured train-validation gap: train_nll is accumulated in model.train() mode with dropout 0.3 and augmentation active and averaged across the epoch while the weights update, while val_nll is a single clean eval-mode pass on the epoch-end weights. All three differences inflate train_nll and the gap is val_nll - train_nll, so the true gap is at least this large and by an unknown margin"
m4_frontal,20250721,7,0.555734,0.613431,0.057697,0.033012,0.00094,10.41,False,False,1,15,"LOWER BOUND, not a measured train-validation gap: train_nll is accumulated in model.train() mode with dropout 0.3 and augmentation active and averaged across the epoch while the weights update, while val_nll is a single clean eval-mode pass on the epoch-end weights. All three differences inflate train_nll and the gap is val_nll - train_nll, so the true gap is at least this large and by an unknown margin"
m4_frontal,20250721,8,0.525166,0.667287,0.142122,0.086868,0.000919,10.91,False,False,2,15,"LOWER BOUND, not a measured train-validation gap: train_nll is accumulated in model.train() mode with dropout 0.3 and augmentation active and averaged across the epoch while the weights update, while val_nll is a single clean eval-mode pass on the epoch-end weights. All three differences inflate train_nll and the gap is val_nll - train_nll, so the true gap is at least this large and by an unknown margin"
m4_frontal,20250721,9,0.517048,0.638906,0.121857,0.058486,0.000895,11.19,False,False,3,15,"LOWER BOUND, not a measured train-validation gap: train_nll is accumulated in model.train() mode with dropout 0.3 and augmentation active and averaged across the epoch while the weights update, while val_nll is a single clean eval-mode pass on the epoch-end weights. All three differences inflate train_nll and the gap is val_nll - train_nll, so the true gap is at least this large and by an unknown margin"
m4_frontal,20250721,10,0.492574,0.644388,0.151814,0.063968,0.000868,10.66,False,False,4,15,"LOWER BOUND, not a measured train-validation gap: train_nll is accumulated in model.train() mode with dropout 0.3 and augmentation active and averaged across the epoch while the weights update, while val_nll is a single clean eval-mode pass on the epoch-end weights. All three differences inflate train_nll and the gap is val_nll - train_nll, so the true gap is at least this large and by an unknown margin"
m4_frontal,20250721,11,0.463665,0.669411,0.205746,0.088991,0.000839,10.73,False,False,5,15,"LOWER BOUND, not a measured train-validation gap: train_nll is accumulated in model.train() mode with dropout 0.3 and augmentation active and averaged across the epoch while the weights update, while val_nll is a single clean eval-mode pass on the epoch-end weights. All three differences inflate train_nll and the gap is val_nll - train_nll, so the true gap is at least this large and by an unknown margin"
m4_frontal,20250721,12,0.438871,0.716986,0.278115,0.136566,0.000807,10.84,False,False,6,15,"LOWER BOUND, not a measured train-validation gap: train_nll is accumulated in model.train() mode with dropout 0.3 and augmentation active and averaged across the epoch while the weights update, while val_nll is a single clean eval-mode pass on the epoch-end weights. All three differences inflate train_nll and the gap is val_nll - train_nll, so the true gap is at least this large and by an unknown margin"
m4_frontal,20250721,13,0.424156,0.839455,0.415298,0.259035,0.000773,10.91,False,False,7,15,"LOWER BOUND, not a measured train-validation gap: train_nll is accumulated in model.train() mode with dropout 0.3 and augmentation active and averaged across the epoch while the weights update, while val_nll is a single clean eval-mode pass on the epoch-end weights. All three differences inflate train_nll and the gap is val_nll - train_nll, so the true gap is at least this large and by an unknown margin"
m4_frontal,20250721,14,0.396958,0.709142,0.312184,0.128723,0.000738,10.85,False,False,8,15,"LOWER BOUND, not a measured train-validation gap: train_nll is accumulated in model.train() mode with dropout 0.3 and augmentation active and averaged across the epoch while the weights update, while val_nll is a single clean eval-mode pass on the epoch-end weights. All three differences inflate train_nll and the gap is val_nll - train_nll, so the true gap is at least this large and by an unknown margin"
m4_frontal,20250722,0,0.613841,0.640264,0.026423,0.062629,0.000506,5.97,True,False,-4,13,"LOWER BOUND, not a measured train-validation gap: train_nll is accumulated in model.train() mode with dropout 0.3 and augmentation active and averaged across the epoch while the weights update, while val_nll is a single clean eval-mode pass on the epoch-end weights. All three differences inflate train_nll and the gap is val_nll - train_nll, so the true gap is at least this large and by an unknown margin"
m4_frontal,20250722,1,0.618113,0.641697,0.023584,0.064062,0.001,5.95,False,False,-3,13,"LOWER BOUND, not a measured train-validation gap: train_nll is accumulated in model.train() mode with dropout 0.3 and augmentation active and averaged across the epoch while the weights update, while val_nll is a single clean eval-mode pass on the epoch-end weights. All three differences inflate train_nll and the gap is val_nll - train_nll, so the true gap is at least this large and by an unknown margin"
m4_frontal,20250722,2,0.615366,0.630459,0.015094,0.052824,0.000998,6.03,True,False,-2,13,"LOWER BOUND, not a measured train-validation gap: train_nll is accumulated in model.train() mode with dropout 0.3 and augmentation active and averaged across the epoch while the weights update, while val_nll is a single clean eval-mode pass on the epoch-end weights. All three differences inflate train_nll and the gap is val_nll - train_nll, so the true gap is at least this large and by an unknown margin"
m4_frontal,20250722,3,0.605533,0.667906,0.062373,0.090271,0.000993,10.76,False,False,-1,13,"LOWER BOUND, not a measured train-validation gap: train_nll is accumulated in model.train() mode with dropout 0.3 and augmentation active and averaged across the epoch while the weights update, while val_nll is a single clean eval-mode pass on the epoch-end weights. All three differences inflate train_nll and the gap is val_nll - train_nll, so the true gap is at least this large and by an unknown margin"
m4_frontal,20250722,4,0.595032,0.577635,-0.017397,0.0,0.000985,11.06,True,True,0,13,"LOWER BOUND, not a measured train-validation gap: train_nll is accumulated in model.train() mode with dropout 0.3 and augmentation active and averaged across the epoch while the weights update, while val_nll is a single clean eval-mode pass on the epoch-end weights. All three differences inflate train_nll and the gap is val_nll - train_nll, so the true gap is at least this large and by an unknown margin"
m4_frontal,20250722,5,0.581569,0.622928,0.041359,0.045293,0.000973,10.71,False,False,1,13,"LOWER BOUND, not a measured train-validation gap: train_nll is accumulated in model.train() mode with dropout 0.3 and augmentation active and averaged across the epoch while the weights update, while val_nll is a single clean eval-mode pass on the epoch-end weights. All three differences inflate train_nll and the gap is val_nll - train_nll, so the true gap is at least this large and by an unknown margin"
m4_frontal,20250722,6,0.565711,0.599037,0.033327,0.021402,0.000958,10.9,False,False,2,13,"LOWER BOUND, not a measured train-validation gap: train_nll is accumulated in model.train() mode with dropout 0.3 and augmentation active and averaged across the epoch while the weights update, while val_nll is a single clean eval-mode pass on the epoch-end weights. All three differences inflate train_nll and the gap is val_nll - train_nll, so the true gap is at least this large and by an unknown margin"
m4_frontal,20250722,7,0.55144,0.600609,0.04917,0.022974,0.00094,10.67,False,False,3,13,"LOWER BOUND, not a measured train-validation gap: train_nll is accumulated in model.train() mode with dropout 0.3 and augmentation active and averaged across the epoch while the weights update, while val_nll is a single clean eval-mode pass on the epoch-end weights. All three differences inflate train_nll and the gap is val_nll - train_nll, so the true gap is at least this large and by an unknown margin"
m4_frontal,20250722,8,0.528485,0.593625,0.06514,0.01599,0.000919,10.69,False,False,4,13,"LOWER BOUND, not a measured train-validation gap: train_nll is accumulated in model.train() mode with dropout 0.3 and augmentation active and averaged across the epoch while the weights update, while val_nll is a single clean eval-mode pass on the epoch-end weights. All three differences inflate train_nll and the gap is val_nll - train_nll, so the true gap is at least this large and by an unknown margin"
m4_frontal,20250722,9,0.503233,0.604466,0.101233,0.026831,0.000895,10.69,False,False,5,13,"LOWER BOUND, not a measured train-validation gap: train_nll is accumulated in model.train() mode with dropout 0.3 and augmentation active and averaged across the epoch while the weights update, while val_nll is a single clean eval-mode pass on the epoch-end weights. All three differences inflate train_nll and the gap is val_nll - train_nll, so the true gap is at least this large and by an unknown margin"
m4_frontal,20250722,10,0.472292,0.615949,0.143657,0.038314,0.000868,10.94,False,False,6,13,"LOWER BOUND, not a measured train-validation gap: train_nll is accumulated in model.train() mode with dropout 0.3 and augmentation active and averaged across the epoch while the weights update, while val_nll is a single clean eval-mode pass on the epoch-end weights. All three differences inflate train_nll and the gap is val_nll - train_nll, so the true gap is at least this large and by an unknown margin"
m4_frontal,20250722,11,0.454239,0.662755,0.208516,0.08512,0.000839,10.33,False,False,7,13,"LOWER BOUND, not a measured train-validation gap: train_nll is accumulated in model.train() mode with dropout 0.3 and augmentation active and averaged across the epoch while the weights update, while val_nll is a single clean eval-mode pass on the epoch-end weights. All three differences inflate train_nll and the gap is val_nll - train_nll, so the true gap is at least this large and by an unknown margin"
m4_frontal,20250722,12,0.413536,0.7786,0.365063,0.200965,0.000807,10.93,False,False,8,13,"LOWER BOUND, not a measured train-validation gap: train_nll is accumulated in model.train() mode with dropout 0.3 and augmentation active and averaged across the epoch while the weights update, while val_nll is a single clean eval-mode pass on the epoch-end weights. All three differences inflate train_nll and the gap is val_nll - train_nll, so the true gap is at least this large and by an unknown margin"
m4_frontal,20250723,0,0.612514,0.644227,0.031713,0.068512,0.000506,6.02,True,False,-9,18,"LOWER BOUND, not a measured train-validation gap: train_nll is accumulated in model.train() mode with dropout 0.3 and augmentation active and averaged across the epoch while the weights update, while val_nll is a single clean eval-mode pass on the epoch-end weights. All three differences inflate train_nll and the gap is val_nll - train_nll, so the true gap is at least this large and by an unknown margin"
m4_frontal,20250723,1,0.617062,0.639776,0.022714,0.064062,0.001,5.88,True,False,-8,18,"LOWER BOUND, not a measured train-validation gap: train_nll is accumulated in model.train() mode with dropout 0.3 and augmentation active and averaged across the epoch while the weights update, while val_nll is a single clean eval-mode pass on the epoch-end weights. All three differences inflate train_nll and the gap is val_nll - train_nll, so the true gap is at least this large and by an unknown margin"
m4_frontal,20250723,2,0.616917,0.635382,0.018465,0.059667,0.000998,6.03,True,False,-7,18,"LOWER BOUND, not a measured train-validation gap: train_nll is accumulated in model.train() mode with dropout 0.3 and augmentation active and averaged across the epoch while the weights update, while val_nll is a single clean eval-mode pass on the epoch-end weights. All three differences inflate train_nll and the gap is val_nll - train_nll, so the true gap is at least this large and by an unknown margin"
m4_frontal,20250723,3,0.60718,0.60072,-0.00646,0.025005,0.000993,11.05,True,False,-6,18,"LOWER BOUND, not a measured train-validation gap: train_nll is accumulated in model.train() mode with dropout 0.3 and augmentation active and averaged across the epoch while the weights update, while val_nll is a single clean eval-mode pass on the epoch-end weights. All three differences inflate train_nll and the gap is val_nll - train_nll, so the true gap is at least this large and by an unknown margin"
m4_frontal,20250723,4,0.578444,0.58268,0.004237,0.006966,0.000985,11.46,True,False,-5,18,"LOWER BOUND, not a measured train-validation gap: train_nll is accumulated in model.train() mode with dropout 0.3 and augmentation active and averaged across the epoch while the weights update, while val_nll is a single clean eval-mode pass on the epoch-end weights. All three differences inflate train_nll and the gap is val_nll - train_nll, so the true gap is at least this large and by an unknown margin"
m4_frontal,20250723,5,0.571421,0.58495,0.013529,0.009236,0.000973,10.99,False,False,-4,18,"LOWER BOUND, not a measured train-validation gap: train_nll is accumulated in model.train() mode with dropout 0.3 and augmentation active and averaged across the epoch while the weights update, while val_nll is a single clean eval-mode pass on the epoch-end weights. All three differences inflate train_nll and the gap is val_nll - train_nll, so the true gap is at least this large and by an unknown margin"
m4_frontal,20250723,6,0.56053,0.586903,0.026373,0.011188,0.000958,11.1,False,False,-3,18,"LOWER BOUND, not a measured train-validation gap: train_nll is accumulated in model.train() mode with dropout 0.3 and augmentation active and averaged across the epoch while the weights update, while val_nll is a single clean eval-mode pass on the epoch-end weights. All three differences inflate train_nll and the gap is val_nll - train_nll, so the true gap is at least this large and by an unknown margin"
m4_frontal,20250723,7,0.541828,0.576825,0.034996,0.00111,0.00094,10.84,True,False,-2,18,"LOWER BOUND, not a measured train-validation gap: train_nll is accumulated in model.train() mode with dropout 0.3 and augmentation active and averaged across the epoch while the weights update, while val_nll is a single clean eval-mode pass on the epoch-end weights. All three differences inflate train_nll and the gap is val_nll - train_nll, so the true gap is at least this large and by an unknown margin"
m4_frontal,20250723,8,0.524466,0.605758,0.081292,0.030044,0.000919,10.6,False,False,-1,18,"LOWER BOUND, not a measured train-validation gap: train_nll is accumulated in model.train() mode with dropout 0.3 and augmentation active and averaged across the epoch while the weights update, while val_nll is a single clean eval-mode pass on the epoch-end weights. All three differences inflate train_nll and the gap is val_nll - train_nll, so the true gap is at least this large and by an unknown margin"
m4_frontal,20250723,9,0.499807,0.575714,0.075907,0.0,0.000895,11.07,True,True,0,18,"LOWER BOUND, not a measured train-validation gap: train_nll is accumulated in model.train() mode with dropout 0.3 and augmentation active and averaged across the epoch while the weights update, while val_nll is a single clean eval-mode pass on the epoch-end weights. All three differences inflate train_nll and the gap is val_nll - train_nll, so the true gap is at least this large and by an unknown margin"
m4_frontal,20250723,10,0.482551,0.627003,0.144452,0.051288,0.000868,10.99,False,False,1,18,"LOWER BOUND, not a measured train-validation gap: train_nll is accumulated in model.train() mode with dropout 0.3 and augmentation active and averaged across the epoch while the weights update, while val_nll is a single clean eval-mode pass on the epoch-end weights. All three differences inflate train_nll and the gap is val_nll - train_nll, so the true gap is at least this large and by an unknown margin"
m4_frontal,20250723,11,0.449521,0.646746,0.197225,0.071032,0.000839,10.92,False,False,2,18,"LOWER BOUND, not a measured train-validation gap: train_nll is accumulated in model.train() mode with dropout 0.3 and augmentation active and averaged across the epoch while the weights update, while val_nll is a single clean eval-mode pass on the epoch-end weights. All three differences inflate train_nll and the gap is val_nll - train_nll, so the true gap is at least this large and by an unknown margin"
m4_frontal,20250723,12,0.418969,0.84453,0.42556,0.268815,0.000807,11.07,False,False,3,18,"LOWER BOUND, not a measured train-validation gap: train_nll is accumulated in model.train() mode with dropout 0.3 and augmentation active and averaged across the epoch while the weights update, while val_nll is a single clean eval-mode pass on the epoch-end weights. All three differences inflate train_nll and the gap is val_nll - train_nll, so the true gap is at least this large and by an unknown margin"
m4_frontal,20250723,13,0.388854,0.772241,0.383387,0.196526,0.000773,11.26,False,False,4,18,"LOWER BOUND, not a measured train-validation gap: train_nll is accumulated in model.train() mode with dropout 0.3 and augmentation active and averaged across the epoch while the weights update, while val_nll is a single clean eval-mode pass on the epoch-end weights. All three differences inflate train_nll and the gap is val_nll - train_nll, so the true gap is at least this large and by an unknown margin"
m4_frontal,20250723,14,0.371353,0.835219,0.463866,0.259504,0.000738,10.58,False,False,5,18,"LOWER BOUND, not a measured train-validation gap: train_nll is accumulated in model.train() mode with dropout 0.3 and augmentation active and averaged across the epoch while the weights update, while val_nll is a single clean eval-mode pass on the epoch-end weights. All three differences inflate train_nll and the gap is val_nll - train_nll, so the true gap is at least this large and by an unknown margin"
m4_frontal,20250723,15,0.366149,0.77104,0.40489,0.195325,0.000701,11.14,False,False,6,18,"LOWER BOUND, not a measured train-validation gap: train_nll is accumulated in model.train() mode with dropout 0.3 and augmentation active and averaged across the epoch while the weights update, while val_nll is a single clean eval-mode pass on the epoch-end weights. All three differences inflate train_nll and the gap is val_nll - train_nll, so the true gap is at least this large and by an unknown margin"
m4_frontal,20250723,16,0.354617,0.768538,0.413921,0.192824,0.000662,10.97,False,False,7,18,"LOWER BOUND, not a measured train-validation gap: train_nll is accumulated in model.train() mode with dropout 0.3 and augmentation active and averaged across the epoch while the weights update, while val_nll is a single clean eval-mode pass on the epoch-end weights. All three differences inflate train_nll and the gap is val_nll - train_nll, so the true gap is at least this large and by an unknown margin"
m4_frontal,20250723,17,0.329604,0.851926,0.522322,0.276212,0.000623,11.01,False,False,8,18,"LOWER BOUND, not a measured train-validation gap: train_nll is accumulated in model.train() mode with dropout 0.3 and augmentation active and averaged across the epoch while the weights update, while val_nll is a single clean eval-mode pass on the epoch-end weights. All three differences inflate train_nll and the gap is val_nll - train_nll, so the true gap is at least this large and by an unknown margin"
m4_frontal,20250724,0,0.611688,0.638873,0.027186,0.049026,0.000506,6.02,True,False,-5,14,"LOWER BOUND, not a measured train-validation gap: train_nll is accumulated in model.train() mode with dropout 0.3 and augmentation active and averaged across the epoch while the weights update, while val_nll is a single clean eval-mode pass on the epoch-end weights. All three differences inflate train_nll and the gap is val_nll - train_nll, so the true gap is at least this large and by an unknown margin"
m4_frontal,20250724,1,0.612663,0.638557,0.025894,0.048709,0.001,5.96,True,False,-4,14,"LOWER BOUND, not a measured train-validation gap: train_nll is accumulated in model.train() mode with dropout 0.3 and augmentation active and averaged across the epoch while the weights update, while val_nll is a single clean eval-mode pass on the epoch-end weights. All three differences inflate train_nll and the gap is val_nll - train_nll, so the true gap is at least this large and by an unknown margin"
m4_frontal,20250724,2,0.610808,0.658751,0.047943,0.068903,0.000998,6.02,False,False,-3,14,"LOWER BOUND, not a measured train-validation gap: train_nll is accumulated in model.train() mode with dropout 0.3 and augmentation active and averaged across the epoch while the weights update, while val_nll is a single clean eval-mode pass on the epoch-end weights. All three differences inflate train_nll and the gap is val_nll - train_nll, so the true gap is at least this large and by an unknown margin"
m4_frontal,20250724,3,0.600899,0.606627,0.005728,0.016779,0.000993,10.92,True,False,-2,14,"LOWER BOUND, not a measured train-validation gap: train_nll is accumulated in model.train() mode with dropout 0.3 and augmentation active and averaged across the epoch while the weights update, while val_nll is a single clean eval-mode pass on the epoch-end weights. All three differences inflate train_nll and the gap is val_nll - train_nll, so the true gap is at least this large and by an unknown margin"
m4_frontal,20250724,4,0.573047,0.612286,0.039239,0.022439,0.000985,10.74,False,False,-1,14,"LOWER BOUND, not a measured train-validation gap: train_nll is accumulated in model.train() mode with dropout 0.3 and augmentation active and averaged across the epoch while the weights update, while val_nll is a single clean eval-mode pass on the epoch-end weights. All three differences inflate train_nll and the gap is val_nll - train_nll, so the true gap is at least this large and by an unknown margin"
m4_frontal,20250724,5,0.565931,0.589848,0.023916,0.0,0.000973,11.21,True,True,0,14,"LOWER BOUND, not a measured train-validation gap: train_nll is accumulated in model.train() mode with dropout 0.3 and augmentation active and averaged across the epoch while the weights update, while val_nll is a single clean eval-mode pass on the epoch-end weights. All three differences inflate train_nll and the gap is val_nll - train_nll, so the true gap is at least this large and by an unknown margin"
m4_frontal,20250724,6,0.546265,0.602604,0.05634,0.012757,0.000958,10.97,False,False,1,14,"LOWER BOUND, not a measured train-validation gap: train_nll is accumulated in model.train() mode with dropout 0.3 and augmentation active and averaged across the epoch while the weights update, while val_nll is a single clean eval-mode pass on the epoch-end weights. All three differences inflate train_nll and the gap is val_nll - train_nll, so the true gap is at least this large and by an unknown margin"
m4_frontal,20250724,7,0.531219,0.59304,0.061821,0.003192,0.00094,10.72,False,False,2,14,"LOWER BOUND, not a measured train-validation gap: train_nll is accumulated in model.train() mode with dropout 0.3 and augmentation active and averaged across the epoch while the weights update, while val_nll is a single clean eval-mode pass on the epoch-end weights. All three differences inflate train_nll and the gap is val_nll - train_nll, so the true gap is at least this large and by an unknown margin"
m4_frontal,20250724,8,0.501007,0.629403,0.128396,0.039556,0.000919,10.98,False,False,3,14,"LOWER BOUND, not a measured train-validation gap: train_nll is accumulated in model.train() mode with dropout 0.3 and augmentation active and averaged across the epoch while the weights update, while val_nll is a single clean eval-mode pass on the epoch-end weights. All three differences inflate train_nll and the gap is val_nll - train_nll, so the true gap is at least this large and by an unknown margin"
m4_frontal,20250724,9,0.469223,0.708596,0.239373,0.118749,0.000895,11.29,False,False,4,14,"LOWER BOUND, not a measured train-validation gap: train_nll is accumulated in model.train() mode with dropout 0.3 and augmentation active and averaged across the epoch while the weights update, while val_nll is a single clean eval-mode pass on the epoch-end weights. All three differences inflate train_nll and the gap is val_nll - train_nll, so the true gap is at least this large and by an unknown margin"
m4_frontal,20250724,10,0.444698,0.619462,0.174764,0.029615,0.000868,11.14,False,False,5,14,"LOWER BOUND, not a measured train-validation gap: train_nll is accumulated in model.train() mode with dropout 0.3 and augmentation active and averaged across the epoch while the weights update, while val_nll is a single clean eval-mode pass on the epoch-end weights. All three differences inflate train_nll and the gap is val_nll - train_nll, so the true gap is at least this large and by an unknown margin"
m4_frontal,20250724,11,0.415192,0.680912,0.26572,0.091065,0.000839,10.98,False,False,6,14,"LOWER BOUND, not a measured train-validation gap: train_nll is accumulated in model.train() mode with dropout 0.3 and augmentation active and averaged across the epoch while the weights update, while val_nll is a single clean eval-mode pass on the epoch-end weights. All three differences inflate train_nll and the gap is val_nll - train_nll, so the true gap is at least this large and by an unknown margin"
m4_frontal,20250724,12,0.401807,0.890796,0.488989,0.300948,0.000807,10.99,False,False,7,14,"LOWER BOUND, not a measured train-validation gap: train_nll is accumulated in model.train() mode with dropout 0.3 and augmentation active and averaged across the epoch while the weights update, while val_nll is a single clean eval-mode pass on the epoch-end weights. All three differences inflate train_nll and the gap is val_nll - train_nll, so the true gap is at least this large and by an unknown margin"
m4_frontal,20250724,13,0.386766,0.734452,0.347686,0.144604,0.000773,11.12,False,False,8,14,"LOWER BOUND, not a measured train-validation gap: train_nll is accumulated in model.train() mode with dropout 0.3 and augmentation active and averaged across the epoch while the weights update, while val_nll is a single clean eval-mode pass on the epoch-end weights. All three differences inflate train_nll and the gap is val_nll - train_nll, so the true gap is at least this large and by an unknown margin"
r1_densenet_frontal,20250720,0,0.611656,0.646116,0.03446,0.024046,0.000506,20.09,True,False,-2,11,"LOWER BOUND, not a measured train-validation gap: train_nll is accumulated in model.train() mode with dropout 0.3 and augmentation active and averaged across the epoch while the weights update, while val_nll is a single clean eval-mode pass on the epoch-end weights. All three differences inflate train_nll and the gap is val_nll - train_nll, so the true gap is at least this large and by an unknown margin"
r1_densenet_frontal,20250720,1,0.614719,0.636433,0.021714,0.014363,0.001,5.96,True,False,-1,11,"LOWER BOUND, not a measured train-validation gap: train_nll is accumulated in model.train() mode with dropout 0.3 and augmentation active and averaged across the epoch while the weights update, while val_nll is a single clean eval-mode pass on the epoch-end weights. All three differences inflate train_nll and the gap is val_nll - train_nll, so the true gap is at least this large and by an unknown margin"
r1_densenet_frontal,20250720,2,0.609162,0.62207,0.012908,0.0,0.000998,8.21,True,True,0,11,"LOWER BOUND, not a measured train-validation gap: train_nll is accumulated in model.train() mode with dropout 0.3 and augmentation active and averaged across the epoch while the weights update, while val_nll is a single clean eval-mode pass on the epoch-end weights. All three differences inflate train_nll and the gap is val_nll - train_nll, so the true gap is at least this large and by an unknown margin"
r1_densenet_frontal,20250720,3,0.622729,0.632531,0.009802,0.010461,0.000993,26.02,False,False,1,11,"LOWER BOUND, not a measured train-validation gap: train_nll is accumulated in model.train() mode with dropout 0.3 and augmentation active and averaged across the epoch while the weights update, while val_nll is a single clean eval-mode pass on the epoch-end weights. All three differences inflate train_nll and the gap is val_nll - train_nll, so the true gap is at least this large and by an unknown margin"
r1_densenet_frontal,20250720,4,0.611938,0.639296,0.027358,0.017225,0.000985,8.71,False,False,2,11,"LOWER BOUND, not a measured train-validation gap: train_nll is accumulated in model.train() mode with dropout 0.3 and augmentation active and averaged across the epoch while the weights update, while val_nll is a single clean eval-mode pass on the epoch-end weights. All three differences inflate train_nll and the gap is val_nll - train_nll, so the true gap is at least this large and by an unknown margin"
r1_densenet_frontal,20250720,5,0.612489,0.637729,0.025239,0.015659,0.000973,8.71,False,False,3,11,"LOWER BOUND, not a measured train-validation gap: train_nll is accumulated in model.train() mode with dropout 0.3 and augmentation active and averaged across the epoch while the weights update, while val_nll is a single clean eval-mode pass on the epoch-end weights. All three differences inflate train_nll and the gap is val_nll - train_nll, so the true gap is at least this large and by an unknown margin"
r1_densenet_frontal,20250720,6,0.611,0.637309,0.02631,0.015239,0.000958,8.7,False,False,4,11,"LOWER BOUND, not a measured train-validation gap: train_nll is accumulated in model.train() mode with dropout 0.3 and augmentation active and averaged across the epoch while the weights update, while val_nll is a single clean eval-mode pass on the epoch-end weights. All three differences inflate train_nll and the gap is val_nll - train_nll, so the true gap is at least this large and by an unknown margin"
r1_densenet_frontal,20250720,7,0.610399,0.636518,0.026119,0.014448,0.00094,8.73,False,False,5,11,"LOWER BOUND, not a measured train-validation gap: train_nll is accumulated in model.train() mode with dropout 0.3 and augmentation active and averaged across the epoch while the weights update, while val_nll is a single clean eval-mode pass on the epoch-end weights. All three differences inflate train_nll and the gap is val_nll - train_nll, so the true gap is at least this large and by an unknown margin"
r1_densenet_frontal,20250720,8,0.610611,0.637018,0.026407,0.014948,0.000919,8.7,False,False,6,11,"LOWER BOUND, not a measured train-validation gap: train_nll is accumulated in model.train() mode with dropout 0.3 and augmentation active and averaged across the epoch while the weights update, while val_nll is a single clean eval-mode pass on the epoch-end weights. All three differences inflate train_nll and the gap is val_nll - train_nll, so the true gap is at least this large and by an unknown margin"
r1_densenet_frontal,20250720,9,0.610654,0.636878,0.026224,0.014808,0.000895,8.79,False,False,7,11,"LOWER BOUND, not a measured train-validation gap: train_nll is accumulated in model.train() mode with dropout 0.3 and augmentation active and averaged across the epoch while the weights update, while val_nll is a single clean eval-mode pass on the epoch-end weights. All three differences inflate train_nll and the gap is val_nll - train_nll, so the true gap is at least this large and by an unknown margin"
r1_densenet_frontal,20250720,10,0.61058,0.636773,0.026193,0.014703,0.000868,8.74,False,False,8,11,"LOWER BOUND, not a measured train-validation gap: train_nll is accumulated in model.train() mode with dropout 0.3 and augmentation active and averaged across the epoch while the weights update, while val_nll is a single clean eval-mode pass on the epoch-end weights. All three differences inflate train_nll and the gap is val_nll - train_nll, so the true gap is at least this large and by an unknown margin"
r1_densenet_frontal,20250721,0,0.612659,0.635914,0.023255,0.015146,0.000506,6.05,True,False,-2,11,"LOWER BOUND, not a measured train-validation gap: train_nll is accumulated in model.train() mode with dropout 0.3 and augmentation active and averaged across the epoch while the weights update, while val_nll is a single clean eval-mode pass on the epoch-end weights. All three differences inflate train_nll and the gap is val_nll - train_nll, so the true gap is at least this large and by an unknown margin"
r1_densenet_frontal,20250721,1,0.614801,0.63543,0.020629,0.014662,0.001,6.06,True,False,-1,11,"LOWER BOUND, not a measured train-validation gap: train_nll is accumulated in model.train() mode with dropout 0.3 and augmentation active and averaged across the epoch while the weights update, while val_nll is a single clean eval-mode pass on the epoch-end weights. All three differences inflate train_nll and the gap is val_nll - train_nll, so the true gap is at least this large and by an unknown margin"
r1_densenet_frontal,20250721,2,0.607894,0.620768,0.012874,0.0,0.000998,6.25,True,True,0,11,"LOWER BOUND, not a measured train-validation gap: train_nll is accumulated in model.train() mode with dropout 0.3 and augmentation active and averaged across the epoch while the weights update, while val_nll is a single clean eval-mode pass on the epoch-end weights. All three differences inflate train_nll and the gap is val_nll - train_nll, so the true gap is at least this large and by an unknown margin"
r1_densenet_frontal,20250721,3,0.622737,0.646477,0.02374,0.025709,0.000993,8.79,False,False,1,11,"LOWER BOUND, not a measured train-validation gap: train_nll is accumulated in model.train() mode with dropout 0.3 and augmentation active and averaged across the epoch while the weights update, while val_nll is a single clean eval-mode pass on the epoch-end weights. All three differences inflate train_nll and the gap is val_nll - train_nll, so the true gap is at least this large and by an unknown margin"
r1_densenet_frontal,20250721,4,0.618643,0.634602,0.015959,0.013834,0.000985,8.73,False,False,2,11,"LOWER BOUND, not a measured train-validation gap: train_nll is accumulated in model.train() mode with dropout 0.3 and augmentation active and averaged across the epoch while the weights update, while val_nll is a single clean eval-mode pass on the epoch-end weights. All three differences inflate train_nll and the gap is val_nll - train_nll, so the true gap is at least this large and by an unknown margin"
r1_densenet_frontal,20250721,5,0.611081,0.636589,0.025508,0.015821,0.000973,8.81,False,False,3,11,"LOWER BOUND, not a measured train-validation gap: train_nll is accumulated in model.train() mode with dropout 0.3 and augmentation active and averaged across the epoch while the weights update, while val_nll is a single clean eval-mode pass on the epoch-end weights. All three differences inflate train_nll and the gap is val_nll - train_nll, so the true gap is at least this large and by an unknown margin"
r1_densenet_frontal,20250721,6,0.610379,0.637944,0.027565,0.017176,0.000958,8.77,False,False,4,11,"LOWER BOUND, not a measured train-validation gap: train_nll is accumulated in model.train() mode with dropout 0.3 and augmentation active and averaged across the epoch while the weights update, while val_nll is a single clean eval-mode pass on the epoch-end weights. All three differences inflate train_nll and the gap is val_nll - train_nll, so the true gap is at least this large and by an unknown margin"
r1_densenet_frontal,20250721,7,0.610641,0.637384,0.026743,0.016616,0.00094,8.75,False,False,5,11,"LOWER BOUND, not a measured train-validation gap: train_nll is accumulated in model.train() mode with dropout 0.3 and augmentation active and averaged across the epoch while the weights update, while val_nll is a single clean eval-mode pass on the epoch-end weights. All three differences inflate train_nll and the gap is val_nll - train_nll, so the true gap is at least this large and by an unknown margin"
r1_densenet_frontal,20250721,8,0.610805,0.636984,0.026178,0.016216,0.000919,8.72,False,False,6,11,"LOWER BOUND, not a measured train-validation gap: train_nll is accumulated in model.train() mode with dropout 0.3 and augmentation active and averaged across the epoch while the weights update, while val_nll is a single clean eval-mode pass on the epoch-end weights. All three differences inflate train_nll and the gap is val_nll - train_nll, so the true gap is at least this large and by an unknown margin"
r1_densenet_frontal,20250721,9,0.610633,0.636486,0.025853,0.015718,0.000895,8.73,False,False,7,11,"LOWER BOUND, not a measured train-validation gap: train_nll is accumulated in model.train() mode with dropout 0.3 and augmentation active and averaged across the epoch while the weights update, while val_nll is a single clean eval-mode pass on the epoch-end weights. All three differences inflate train_nll and the gap is val_nll - train_nll, so the true gap is at least this large and by an unknown margin"
r1_densenet_frontal,20250721,10,0.610648,0.63662,0.025972,0.015852,0.000868,11.63,False,False,8,11,"LOWER BOUND, not a measured train-validation gap: train_nll is accumulated in model.train() mode with dropout 0.3 and augmentation active and averaged across the epoch while the weights update, while val_nll is a single clean eval-mode pass on the epoch-end weights. All three differences inflate train_nll and the gap is val_nll - train_nll, so the true gap is at least this large and by an unknown margin"
r1_densenet_frontal,20250722,0,0.612142,0.636678,0.024536,0.008778,0.000506,6.04,True,False,-9,18,"LOWER BOUND, not a measured train-validation gap: train_nll is accumulated in model.train() mode with dropout 0.3 and augmentation active and averaged across the epoch while the weights update, while val_nll is a single clean eval-mode pass on the epoch-end weights. All three differences inflate train_nll and the gap is val_nll - train_nll, so the true gap is at least this large and by an unknown margin"
r1_densenet_frontal,20250722,1,0.612874,0.650136,0.037263,0.022236,0.001,6.03,False,False,-8,18,"LOWER BOUND, not a measured train-validation gap: train_nll is accumulated in model.train() mode with dropout 0.3 and augmentation active and averaged across the epoch while the weights update, while val_nll is a single clean eval-mode pass on the epoch-end weights. All three differences inflate train_nll and the gap is val_nll - train_nll, so the true gap is at least this large and by an unknown margin"
r1_densenet_frontal,20250722,2,0.607584,0.628026,0.020443,0.000126,0.000998,6.03,True,False,-7,18,"LOWER BOUND, not a measured train-validation gap: train_nll is accumulated in model.train() mode with dropout 0.3 and augmentation active and averaged across the epoch while the weights update, while val_nll is a single clean eval-mode pass on the epoch-end weights. All three differences inflate train_nll and the gap is val_nll - train_nll, so the true gap is at least this large and by an unknown margin"
r1_densenet_frontal,20250722,3,0.637114,0.643932,0.006818,0.016032,0.000993,8.8,False,False,-6,18,"LOWER BOUND, not a measured train-validation gap: train_nll is accumulated in model.train() mode with dropout 0.3 and augmentation active and averaged across the epoch while the weights update, while val_nll is a single clean eval-mode pass on the epoch-end weights. All three differences inflate train_nll and the gap is val_nll - train_nll, so the true gap is at least this large and by an unknown margin"
r1_densenet_frontal,20250722,4,0.613905,0.635553,0.021649,0.007653,0.000985,8.76,False,False,-5,18,"LOWER BOUND, not a measured train-validation gap: train_nll is accumulated in model.train() mode with dropout 0.3 and augmentation active and averaged across the epoch while the weights update, while val_nll is a single clean eval-mode pass on the epoch-end weights. All three differences inflate train_nll and the gap is val_nll - train_nll, so the true gap is at least this large and by an unknown margin"
r1_densenet_frontal,20250722,5,0.610171,0.636404,0.026233,0.008504,0.000973,8.73,False,False,-4,18,"LOWER BOUND, not a measured train-validation gap: train_nll is accumulated in model.train() mode with dropout 0.3 and augmentation active and averaged across the epoch while the weights update, while val_nll is a single clean eval-mode pass on the epoch-end weights. All three differences inflate train_nll and the gap is val_nll - train_nll, so the true gap is at least this large and by an unknown margin"
r1_densenet_frontal,20250722,6,0.61066,0.642275,0.031615,0.014375,0.000958,8.7,False,False,-3,18,"LOWER BOUND, not a measured train-validation gap: train_nll is accumulated in model.train() mode with dropout 0.3 and augmentation active and averaged across the epoch while the weights update, while val_nll is a single clean eval-mode pass on the epoch-end weights. All three differences inflate train_nll and the gap is val_nll - train_nll, so the true gap is at least this large and by an unknown margin"
r1_densenet_frontal,20250722,7,0.610087,0.64389,0.033803,0.01599,0.00094,8.7,False,False,-2,18,"LOWER BOUND, not a measured train-validation gap: train_nll is accumulated in model.train() mode with dropout 0.3 and augmentation active and averaged across the epoch while the weights update, while val_nll is a single clean eval-mode pass on the epoch-end weights. All three differences inflate train_nll and the gap is val_nll - train_nll, so the true gap is at least this large and by an unknown margin"
r1_densenet_frontal,20250722,8,0.611822,0.636396,0.024574,0.008496,0.000919,8.74,False,False,-1,18,"LOWER BOUND, not a measured train-validation gap: train_nll is accumulated in model.train() mode with dropout 0.3 and augmentation active and averaged across the epoch while the weights update, while val_nll is a single clean eval-mode pass on the epoch-end weights. All three differences inflate train_nll and the gap is val_nll - train_nll, so the true gap is at least this large and by an unknown margin"
r1_densenet_frontal,20250722,9,0.61058,0.6279,0.01732,0.0,0.000895,8.79,True,True,0,18,"LOWER BOUND, not a measured train-validation gap: train_nll is accumulated in model.train() mode with dropout 0.3 and augmentation active and averaged across the epoch while the weights update, while val_nll is a single clean eval-mode pass on the epoch-end weights. All three differences inflate train_nll and the gap is val_nll - train_nll, so the true gap is at least this large and by an unknown margin"
r1_densenet_frontal,20250722,10,0.610912,0.636802,0.02589,0.008902,0.000868,8.78,False,False,1,18,"LOWER BOUND, not a measured train-validation gap: train_nll is accumulated in model.train() mode with dropout 0.3 and augmentation active and averaged across the epoch while the weights update, while val_nll is a single clean eval-mode pass on the epoch-end weights. All three differences inflate train_nll and the gap is val_nll - train_nll, so the true gap is at least this large and by an unknown margin"
r1_densenet_frontal,20250722,11,0.611059,0.636804,0.025744,0.008904,0.000839,8.72,False,False,2,18,"LOWER BOUND, not a measured train-validation gap: train_nll is accumulated in model.train() mode with dropout 0.3 and augmentation active and averaged across the epoch while the weights update, while val_nll is a single clean eval-mode pass on the epoch-end weights. All three differences inflate train_nll and the gap is val_nll - train_nll, so the true gap is at least this large and by an unknown margin"
r1_densenet_frontal,20250722,12,0.610771,0.636818,0.026047,0.008918,0.000807,8.86,False,False,3,18,"LOWER BOUND, not a measured train-validation gap: train_nll is accumulated in model.train() mode with dropout 0.3 and augmentation active and averaged across the epoch while the weights update, while val_nll is a single clean eval-mode pass on the epoch-end weights. All three differences inflate train_nll and the gap is val_nll - train_nll, so the true gap is at least this large and by an unknown margin"
r1_densenet_frontal,20250722,13,0.610929,0.636359,0.02543,0.008459,0.000773,8.79,False,False,4,18,"LOWER BOUND, not a measured train-validation gap: train_nll is accumulated in model.train() mode with dropout 0.3 and augmentation active and averaged across the epoch while the weights update, while val_nll is a single clean eval-mode pass on the epoch-end weights. All three differences inflate train_nll and the gap is val_nll - train_nll, so the true gap is at least this large and by an unknown margin"
r1_densenet_frontal,20250722,14,0.611079,0.636808,0.02573,0.008908,0.000738,8.76,False,False,5,18,"LOWER BOUND, not a measured train-validation gap: train_nll is accumulated in model.train() mode with dropout 0.3 and augmentation active and averaged across the epoch while the weights update, while val_nll is a single clean eval-mode pass on the epoch-end weights. All three differences inflate train_nll and the gap is val_nll - train_nll, so the true gap is at least this large and by an unknown margin"
r1_densenet_frontal,20250722,15,0.610923,0.636671,0.025748,0.008771,0.000701,8.71,False,False,6,18,"LOWER BOUND, not a measured train-validation gap: train_nll is accumulated in model.train() mode with dropout 0.3 and augmentation active and averaged across the epoch while the weights update, while val_nll is a single clean eval-mode pass on the epoch-end weights. All three differences inflate train_nll and the gap is val_nll - train_nll, so the true gap is at least this large and by an unknown margin"
r1_densenet_frontal,20250722,16,0.610939,0.636737,0.025798,0.008837,0.000662,8.71,False,False,7,18,"LOWER BOUND, not a measured train-validation gap: train_nll is accumulated in model.train() mode with dropout 0.3 and augmentation active and averaged across the epoch while the weights update, while val_nll is a single clean eval-mode pass on the epoch-end weights. All three differences inflate train_nll and the gap is val_nll - train_nll, so the true gap is at least this large and by an unknown margin"
r1_densenet_frontal,20250722,17,0.611443,0.636842,0.0254,0.008942,0.000623,8.73,False,False,8,18,"LOWER BOUND, not a measured train-validation gap: train_nll is accumulated in model.train() mode with dropout 0.3 and augmentation active and averaged across the epoch while the weights update, while val_nll is a single clean eval-mode pass on the epoch-end weights. All three differences inflate train_nll and the gap is val_nll - train_nll, so the true gap is at least this large and by an unknown margin"
r1_densenet_frontal,20250723,0,0.611098,0.651235,0.040136,0.051989,0.000506,6.05,True,False,-2,11,"LOWER BOUND, not a measured train-validation gap: train_nll is accumulated in model.train() mode with dropout 0.3 and augmentation active and averaged across the epoch while the weights update, while val_nll is a single clean eval-mode pass on the epoch-end weights. All three differences inflate train_nll and the gap is val_nll - train_nll, so the true gap is at least this large and by an unknown margin"
r1_densenet_frontal,20250723,1,0.613651,0.647133,0.033482,0.047887,0.001,6.05,True,False,-1,11,"LOWER BOUND, not a measured train-validation gap: train_nll is accumulated in model.train() mode with dropout 0.3 and augmentation active and averaged across the epoch while the weights update, while val_nll is a single clean eval-mode pass on the epoch-end weights. All three differences inflate train_nll and the gap is val_nll - train_nll, so the true gap is at least this large and by an unknown margin"
r1_densenet_frontal,20250723,2,0.607794,0.599246,-0.008548,0.0,0.000998,6.1,True,True,0,11,"LOWER BOUND, not a measured train-validation gap: train_nll is accumulated in model.train() mode with dropout 0.3 and augmentation active and averaged across the epoch while the weights update, while val_nll is a single clean eval-mode pass on the epoch-end weights. All three differences inflate train_nll and the gap is val_nll - train_nll, so the true gap is at least this large and by an unknown margin"
r1_densenet_frontal,20250723,3,0.62507,0.633351,0.008281,0.034106,0.000993,8.83,False,False,1,11,"LOWER BOUND, not a measured train-validation gap: train_nll is accumulated in model.train() mode with dropout 0.3 and augmentation active and averaged across the epoch while the weights update, while val_nll is a single clean eval-mode pass on the epoch-end weights. All three differences inflate train_nll and the gap is val_nll - train_nll, so the true gap is at least this large and by an unknown margin"
r1_densenet_frontal,20250723,4,0.611752,0.63111,0.019358,0.031864,0.000985,8.75,False,False,2,11,"LOWER BOUND, not a measured train-validation gap: train_nll is accumulated in model.train() mode with dropout 0.3 and augmentation active and averaged across the epoch while the weights update, while val_nll is a single clean eval-mode pass on the epoch-end weights. All three differences inflate train_nll and the gap is val_nll - train_nll, so the true gap is at least this large and by an unknown margin"
r1_densenet_frontal,20250723,5,0.611804,0.638041,0.026237,0.038795,0.000973,8.85,False,False,3,11,"LOWER BOUND, not a measured train-validation gap: train_nll is accumulated in model.train() mode with dropout 0.3 and augmentation active and averaged across the epoch while the weights update, while val_nll is a single clean eval-mode pass on the epoch-end weights. All three differences inflate train_nll and the gap is val_nll - train_nll, so the true gap is at least this large and by an unknown margin"
r1_densenet_frontal,20250723,6,0.611687,0.636718,0.025031,0.037472,0.000958,8.88,False,False,4,11,"LOWER BOUND, not a measured train-validation gap: train_nll is accumulated in model.train() mode with dropout 0.3 and augmentation active and averaged across the epoch while the weights update, while val_nll is a single clean eval-mode pass on the epoch-end weights. All three differences inflate train_nll and the gap is val_nll - train_nll, so the true gap is at least this large and by an unknown margin"
r1_densenet_frontal,20250723,7,0.61113,0.637172,0.026043,0.037927,0.00094,8.74,False,False,5,11,"LOWER BOUND, not a measured train-validation gap: train_nll is accumulated in model.train() mode with dropout 0.3 and augmentation active and averaged across the epoch while the weights update, while val_nll is a single clean eval-mode pass on the epoch-end weights. All three differences inflate train_nll and the gap is val_nll - train_nll, so the true gap is at least this large and by an unknown margin"
r1_densenet_frontal,20250723,8,0.610414,0.636887,0.026473,0.037641,0.000919,8.74,False,False,6,11,"LOWER BOUND, not a measured train-validation gap: train_nll is accumulated in model.train() mode with dropout 0.3 and augmentation active and averaged across the epoch while the weights update, while val_nll is a single clean eval-mode pass on the epoch-end weights. All three differences inflate train_nll and the gap is val_nll - train_nll, so the true gap is at least this large and by an unknown margin"
r1_densenet_frontal,20250723,9,0.610799,0.637081,0.026282,0.037836,0.000895,8.82,False,False,7,11,"LOWER BOUND, not a measured train-validation gap: train_nll is accumulated in model.train() mode with dropout 0.3 and augmentation active and averaged across the epoch while the weights update, while val_nll is a single clean eval-mode pass on the epoch-end weights. All three differences inflate train_nll and the gap is val_nll - train_nll, so the true gap is at least this large and by an unknown margin"
r1_densenet_frontal,20250723,10,0.610528,0.63693,0.026402,0.037685,0.000868,8.78,False,False,8,11,"LOWER BOUND, not a measured train-validation gap: train_nll is accumulated in model.train() mode with dropout 0.3 and augmentation active and averaged across the epoch while the weights update, while val_nll is a single clean eval-mode pass on the epoch-end weights. All three differences inflate train_nll and the gap is val_nll - train_nll, so the true gap is at least this large and by an unknown margin"
r1_densenet_frontal,20250724,0,0.611463,0.63599,0.024528,0.018446,0.000506,6.01,True,False,-1,10,"LOWER BOUND, not a measured train-validation gap: train_nll is accumulated in model.train() mode with dropout 0.3 and augmentation active and averaged across the epoch while the weights update, while val_nll is a single clean eval-mode pass on the epoch-end weights. All three differences inflate train_nll and the gap is val_nll - train_nll, so the true gap is at least this large and by an unknown margin"
r1_densenet_frontal,20250724,1,0.60538,0.617544,0.012165,0.0,0.001,6.05,True,True,0,10,"LOWER BOUND, not a measured train-validation gap: train_nll is accumulated in model.train() mode with dropout 0.3 and augmentation active and averaged across the epoch while the weights update, while val_nll is a single clean eval-mode pass on the epoch-end weights. All three differences inflate train_nll and the gap is val_nll - train_nll, so the true gap is at least this large and by an unknown margin"
r1_densenet_frontal,20250724,2,0.603205,0.669587,0.066382,0.052043,0.000998,6.1,False,False,1,10,"LOWER BOUND, not a measured train-validation gap: train_nll is accumulated in model.train() mode with dropout 0.3 and augmentation active and averaged across the epoch while the weights update, while val_nll is a single clean eval-mode pass on the epoch-end weights. All three differences inflate train_nll and the gap is val_nll - train_nll, so the true gap is at least this large and by an unknown margin"
r1_densenet_frontal,20250724,3,0.630943,0.633576,0.002633,0.016032,0.000993,8.83,False,False,2,10,"LOWER BOUND, not a measured train-validation gap: train_nll is accumulated in model.train() mode with dropout 0.3 and augmentation active and averaged across the epoch while the weights update, while val_nll is a single clean eval-mode pass on the epoch-end weights. All three differences inflate train_nll and the gap is val_nll - train_nll, so the true gap is at least this large and by an unknown margin"
r1_densenet_frontal,20250724,4,0.611131,0.640925,0.029794,0.023381,0.000985,8.76,False,False,3,10,"LOWER BOUND, not a measured train-validation gap: train_nll is accumulated in model.train() mode with dropout 0.3 and augmentation active and averaged across the epoch while the weights update, while val_nll is a single clean eval-mode pass on the epoch-end weights. All three differences inflate train_nll and the gap is val_nll - train_nll, so the true gap is at least this large and by an unknown margin"
r1_densenet_frontal,20250724,5,0.610643,0.636247,0.025603,0.018702,0.000973,8.74,False,False,4,10,"LOWER BOUND, not a measured train-validation gap: train_nll is accumulated in model.train() mode with dropout 0.3 and augmentation active and averaged across the epoch while the weights update, while val_nll is a single clean eval-mode pass on the epoch-end weights. All three differences inflate train_nll and the gap is val_nll - train_nll, so the true gap is at least this large and by an unknown margin"
r1_densenet_frontal,20250724,6,0.610334,0.636693,0.026359,0.019149,0.000958,8.8,False,False,5,10,"LOWER BOUND, not a measured train-validation gap: train_nll is accumulated in model.train() mode with dropout 0.3 and augmentation active and averaged across the epoch while the weights update, while val_nll is a single clean eval-mode pass on the epoch-end weights. All three differences inflate train_nll and the gap is val_nll - train_nll, so the true gap is at least this large and by an unknown margin"
r1_densenet_frontal,20250724,7,0.610642,0.636836,0.026194,0.019292,0.00094,8.78,False,False,6,10,"LOWER BOUND, not a measured train-validation gap: train_nll is accumulated in model.train() mode with dropout 0.3 and augmentation active and averaged across the epoch while the weights update, while val_nll is a single clean eval-mode pass on the epoch-end weights. All three differences inflate train_nll and the gap is val_nll - train_nll, so the true gap is at least this large and by an unknown margin"
r1_densenet_frontal,20250724,8,0.610812,0.636377,0.025564,0.018832,0.000919,8.84,False,False,7,10,"LOWER BOUND, not a measured train-validation gap: train_nll is accumulated in model.train() mode with dropout 0.3 and augmentation active and averaged across the epoch while the weights update, while val_nll is a single clean eval-mode pass on the epoch-end weights. All three differences inflate train_nll and the gap is val_nll - train_nll, so the true gap is at least this large and by an unknown margin"
r1_densenet_frontal,20250724,9,0.610566,0.636326,0.02576,0.018782,0.000895,8.75,False,False,8,10,"LOWER BOUND, not a measured train-validation gap: train_nll is accumulated in model.train() mode with dropout 0.3 and augmentation active and averaged across the epoch while the weights update, while val_nll is a single clean eval-mode pass on the epoch-end weights. All three differences inflate train_nll and the gap is val_nll - train_nll, so the true gap is at least this large and by an unknown margin"
