arm,family,subgroup,level,image_scope,metric,horizon_days,n_patients,n_events,n_cases_by_horizon,n_controls_beyond_horizon,estimate,ci_lo,ci_hi,ci_width,wide_interval,suppressed,suppression_reason,note
m2_frontal,imaging_weight_bearing,Frontal radiograph technique,Weight bearing,not applicable,auc,1825,673,101,101,133,0.881411,0.831808,0.924262,0.092454,False,False,,"POST HOC EXPLORATORY (deviation D35): specified after the single permitted read of the sealed test split, not before it | estimated on 101 case(s) with an event by 1825 d against 133 control(s) observed event-free beyond it"
m2_frontal,imaging_weight_bearing,Frontal radiograph technique,Weight bearing,not applicable,harrell_c,1825,673,101,101,133,0.791435,0.74942,0.828769,0.079349,False,False,,"POST HOC EXPLORATORY (deviation D35): specified after the single permitted read of the sealed test split, not before it | Harrell C is horizon free; horizon_days carries the primary horizon only because the schema has one column for it, not as a claim"
m2_frontal,imaging_weight_bearing,Frontal radiograph technique,Non weight bearing,not applicable,auc,1825,61,5,5,24,,,,,False,True,protocol section 21: fewer than 50 events (5 in this level),"POST HOC EXPLORATORY (deviation D35): specified after the single permitted read of the sealed test split, not before it"
m2_frontal,imaging_weight_bearing,Frontal radiograph technique,Non weight bearing,not applicable,harrell_c,1825,61,5,5,24,,,,,False,True,protocol section 21: fewer than 50 events (5 in this level),"POST HOC EXPLORATORY (deviation D35): specified after the single permitted read of the sealed test split, not before it | Harrell C is horizon free; horizon_days carries the primary horizon only because the schema has one column for it, not as a claim"
m2_frontal,imaging_views,Imaging views,Frontal only,not applicable,auc,1825,418,37,37,94,,,,,False,True,protocol section 21: fewer than 50 events (37 in this level),"POST HOC EXPLORATORY (deviation D35): specified after the single permitted read of the sealed test split, not before it"
m2_frontal,imaging_views,Imaging views,Frontal only,not applicable,harrell_c,1825,418,37,37,94,,,,,False,True,protocol section 21: fewer than 50 events (37 in this level),"POST HOC EXPLORATORY (deviation D35): specified after the single permitted read of the sealed test split, not before it | Harrell C is horizon free; horizon_days carries the primary horizon only because the schema has one column for it, not as a claim"
m2_frontal,imaging_views,Imaging views,Multiple views,not applicable,auc,1825,316,69,69,63,0.766702,0.678377,0.852722,0.174345,True,False,,"POST HOC EXPLORATORY (deviation D35): specified after the single permitted read of the sealed test split, not before it | estimated on 69 case(s) with an event by 1825 d against 63 control(s) observed event-free beyond it | WIDE INTERVAL: the 95% interval spans 0.174, at or above the pre-declared 0.15 flag"
m2_frontal,imaging_views,Imaging views,Multiple views,not applicable,harrell_c,1825,316,69,69,63,0.716081,0.657051,0.768323,0.111272,False,False,,"POST HOC EXPLORATORY (deviation D35): specified after the single permitted read of the sealed test split, not before it | Harrell C is horizon free; horizon_days carries the primary horizon only because the schema has one column for it, not as a claim"
m2_frontal,laterality_source,Index laterality source,Coded laterality,not applicable,auc,1825,369,76,76,0,,,,,False,True,"not estimable: the IPCW AUROC at 1825 d compares patients with an event by 1825 days against patients observed event-free beyond it, and this level holds 76 of the former and 0 of the latter. This is undefined, not imprecise; read the horizon-free Harrell C row","side_source records how the INDEX operative side was established: 'coded' = an interpretable RT/LT modifier on the earliest CPT 27447; 'recovered' = rule-based reconciliation of concordant same-day-or-earlier CPT / ICD / image signals (deviation D2). It is not a neural-network output and must not be conflated with the model-inferred per-image laterality, view and horizontal-flip annotations (protocol section 23(i)). The recovered arm is the exposure the protocol section-7 audit was meant to validate; that audit is still unscored (D22), so this stratum measures the consequence of an unvalidated annotation. | POST HOC EXPLORATORY (deviation D35): specified after the single permitted read of the sealed test split, not before it"
m2_frontal,laterality_source,Index laterality source,Coded laterality,not applicable,harrell_c,1825,369,76,76,0,0.728418,0.669452,0.780738,0.111286,False,False,,"side_source records how the INDEX operative side was established: 'coded' = an interpretable RT/LT modifier on the earliest CPT 27447; 'recovered' = rule-based reconciliation of concordant same-day-or-earlier CPT / ICD / image signals (deviation D2). It is not a neural-network output and must not be conflated with the model-inferred per-image laterality, view and horizontal-flip annotations (protocol section 23(i)). The recovered arm is the exposure the protocol section-7 audit was meant to validate; that audit is still unscored (D22), so this stratum measures the consequence of an unvalidated annotation. | POST HOC EXPLORATORY (deviation D35): specified after the single permitted read of the sealed test split, not before it | Harrell C is horizon free; horizon_days carries the primary horizon only because the schema has one column for it, not as a claim"
m2_frontal,laterality_source,Index laterality source,Recovered laterality,not applicable,auc,1825,365,30,30,157,,,,,False,True,protocol section 21: fewer than 50 events (30 in this level),"side_source records how the INDEX operative side was established: 'coded' = an interpretable RT/LT modifier on the earliest CPT 27447; 'recovered' = rule-based reconciliation of concordant same-day-or-earlier CPT / ICD / image signals (deviation D2). It is not a neural-network output and must not be conflated with the model-inferred per-image laterality, view and horizontal-flip annotations (protocol section 23(i)). The recovered arm is the exposure the protocol section-7 audit was meant to validate; that audit is still unscored (D22), so this stratum measures the consequence of an unvalidated annotation. | POST HOC EXPLORATORY (deviation D35): specified after the single permitted read of the sealed test split, not before it"
m2_frontal,laterality_source,Index laterality source,Recovered laterality,not applicable,harrell_c,1825,365,30,30,157,,,,,False,True,protocol section 21: fewer than 50 events (30 in this level),"side_source records how the INDEX operative side was established: 'coded' = an interpretable RT/LT modifier on the earliest CPT 27447; 'recovered' = rule-based reconciliation of concordant same-day-or-earlier CPT / ICD / image signals (deviation D2). It is not a neural-network output and must not be conflated with the model-inferred per-image laterality, view and horizontal-flip annotations (protocol section 23(i)). The recovered arm is the exposure the protocol section-7 audit was meant to validate; that audit is still unscored (D22), so this stratum measures the consequence of an unvalidated annotation. | POST HOC EXPLORATORY (deviation D35): specified after the single permitted read of the sealed test split, not before it | Harrell C is horizon free; horizon_days carries the primary horizon only because the schema has one column for it, not as a claim"
m2_frontal,acquisition_era_calendar,Acquisition era (five-year calendar spans),2007 to 2011,not applicable,auc,1825,34,0,0,33,,,,,False,True,protocol section 21: fewer than 50 events (0 in this level),"UNCONFIRMED DATE COMPARABILITY. The era label is derived from StudyDate_anon, which carries a PER-PATIENT RANDOM SHIFT (see src/inventory.py and outputs/data_quality_report.md: ""Absolute calendar dates are meaningless, but within-patient day intervals are valid""). Protocol section 17 demands written confirmation that de-identified dates are comparable across patients; deviation D17 recorded that it ""has not been obtained"", and as of 2026-08-11 it still has not. This stratum is therefore a stratification on a shifted date of unknown per-patient offset, not on true acquisition year, and it must not be read as an acquisition-technology or equipment-generation effect. It is additionally confounded with retrospective record availability: on the test split median follow-up falls from 1,826 days in 2007-2011 to 430 days in 2017-2021 while the share observed through five years falls from 97.2% to 1.0%, and the earliest era carries zero events. Post hoc under D35. | POST HOC EXPLORATORY (deviation D35): specified after the single permitted read of the sealed test split, not before it"
m2_frontal,acquisition_era_calendar,Acquisition era (five-year calendar spans),2007 to 2011,not applicable,harrell_c,1825,34,0,0,33,,,,,False,True,protocol section 21: fewer than 50 events (0 in this level),"UNCONFIRMED DATE COMPARABILITY. The era label is derived from StudyDate_anon, which carries a PER-PATIENT RANDOM SHIFT (see src/inventory.py and outputs/data_quality_report.md: ""Absolute calendar dates are meaningless, but within-patient day intervals are valid""). Protocol section 17 demands written confirmation that de-identified dates are comparable across patients; deviation D17 recorded that it ""has not been obtained"", and as of 2026-08-11 it still has not. This stratum is therefore a stratification on a shifted date of unknown per-patient offset, not on true acquisition year, and it must not be read as an acquisition-technology or equipment-generation effect. It is additionally confounded with retrospective record availability: on the test split median follow-up falls from 1,826 days in 2007-2011 to 430 days in 2017-2021 while the share observed through five years falls from 97.2% to 1.0%, and the earliest era carries zero events. Post hoc under D35. | POST HOC EXPLORATORY (deviation D35): specified after the single permitted read of the sealed test split, not before it | Harrell C is horizon free; horizon_days carries the primary horizon only because the schema has one column for it, not as a claim"
m2_frontal,acquisition_era_calendar,Acquisition era (five-year calendar spans),2012 to 2016,not applicable,auc,1825,217,12,12,121,,,,,False,True,protocol section 21: fewer than 50 events (12 in this level),"UNCONFIRMED DATE COMPARABILITY. The era label is derived from StudyDate_anon, which carries a PER-PATIENT RANDOM SHIFT (see src/inventory.py and outputs/data_quality_report.md: ""Absolute calendar dates are meaningless, but within-patient day intervals are valid""). Protocol section 17 demands written confirmation that de-identified dates are comparable across patients; deviation D17 recorded that it ""has not been obtained"", and as of 2026-08-11 it still has not. This stratum is therefore a stratification on a shifted date of unknown per-patient offset, not on true acquisition year, and it must not be read as an acquisition-technology or equipment-generation effect. It is additionally confounded with retrospective record availability: on the test split median follow-up falls from 1,826 days in 2007-2011 to 430 days in 2017-2021 while the share observed through five years falls from 97.2% to 1.0%, and the earliest era carries zero events. Post hoc under D35. | POST HOC EXPLORATORY (deviation D35): specified after the single permitted read of the sealed test split, not before it"
m2_frontal,acquisition_era_calendar,Acquisition era (five-year calendar spans),2012 to 2016,not applicable,harrell_c,1825,217,12,12,121,,,,,False,True,protocol section 21: fewer than 50 events (12 in this level),"UNCONFIRMED DATE COMPARABILITY. The era label is derived from StudyDate_anon, which carries a PER-PATIENT RANDOM SHIFT (see src/inventory.py and outputs/data_quality_report.md: ""Absolute calendar dates are meaningless, but within-patient day intervals are valid""). Protocol section 17 demands written confirmation that de-identified dates are comparable across patients; deviation D17 recorded that it ""has not been obtained"", and as of 2026-08-11 it still has not. This stratum is therefore a stratification on a shifted date of unknown per-patient offset, not on true acquisition year, and it must not be read as an acquisition-technology or equipment-generation effect. It is additionally confounded with retrospective record availability: on the test split median follow-up falls from 1,826 days in 2007-2011 to 430 days in 2017-2021 while the share observed through five years falls from 97.2% to 1.0%, and the earliest era carries zero events. Post hoc under D35. | POST HOC EXPLORATORY (deviation D35): specified after the single permitted read of the sealed test split, not before it | Harrell C is horizon free; horizon_days carries the primary horizon only because the schema has one column for it, not as a claim"
m2_frontal,acquisition_era_calendar,Acquisition era (five-year calendar spans),2017 to 2021,not applicable,auc,1825,483,94,94,3,0.857016,0.619176,1.0,0.380824,True,False,,"UNCONFIRMED DATE COMPARABILITY. The era label is derived from StudyDate_anon, which carries a PER-PATIENT RANDOM SHIFT (see src/inventory.py and outputs/data_quality_report.md: ""Absolute calendar dates are meaningless, but within-patient day intervals are valid""). Protocol section 17 demands written confirmation that de-identified dates are comparable across patients; deviation D17 recorded that it ""has not been obtained"", and as of 2026-08-11 it still has not. This stratum is therefore a stratification on a shifted date of unknown per-patient offset, not on true acquisition year, and it must not be read as an acquisition-technology or equipment-generation effect. It is additionally confounded with retrospective record availability: on the test split median follow-up falls from 1,826 days in 2007-2011 to 430 days in 2017-2021 while the share observed through five years falls from 97.2% to 1.0%, and the earliest era carries zero events. Post hoc under D35. | POST HOC EXPLORATORY (deviation D35): specified after the single permitted read of the sealed test split, not before it | estimated on 94 case(s) with an event by 1825 d against 3 control(s) observed event-free beyond it | WIDE INTERVAL: the 95% interval spans 0.381, at or above the pre-declared 0.15 flag"
m2_frontal,acquisition_era_calendar,Acquisition era (five-year calendar spans),2017 to 2021,not applicable,harrell_c,1825,483,94,94,3,0.743104,0.692324,0.789842,0.097519,False,False,,"UNCONFIRMED DATE COMPARABILITY. The era label is derived from StudyDate_anon, which carries a PER-PATIENT RANDOM SHIFT (see src/inventory.py and outputs/data_quality_report.md: ""Absolute calendar dates are meaningless, but within-patient day intervals are valid""). Protocol section 17 demands written confirmation that de-identified dates are comparable across patients; deviation D17 recorded that it ""has not been obtained"", and as of 2026-08-11 it still has not. This stratum is therefore a stratification on a shifted date of unknown per-patient offset, not on true acquisition year, and it must not be read as an acquisition-technology or equipment-generation effect. It is additionally confounded with retrospective record availability: on the test split median follow-up falls from 1,826 days in 2007-2011 to 430 days in 2017-2021 while the share observed through five years falls from 97.2% to 1.0%, and the earliest era carries zero events. Post hoc under D35. | POST HOC EXPLORATORY (deviation D35): specified after the single permitted read of the sealed test split, not before it | Harrell C is horizon free; horizon_days carries the primary horizon only because the schema has one column for it, not as a claim"
m2_frontal,acquisition_era_devtertile,Acquisition era (development tertile edges),2015 and earlier,not applicable,auc,1825,167,6,6,122,,,,,False,True,protocol section 21: fewer than 50 events (6 in this level),"UNCONFIRMED DATE COMPARABILITY. The era label is derived from StudyDate_anon, which carries a PER-PATIENT RANDOM SHIFT (see src/inventory.py and outputs/data_quality_report.md: ""Absolute calendar dates are meaningless, but within-patient day intervals are valid""). Protocol section 17 demands written confirmation that de-identified dates are comparable across patients; deviation D17 recorded that it ""has not been obtained"", and as of 2026-08-11 it still has not. This stratum is therefore a stratification on a shifted date of unknown per-patient offset, not on true acquisition year, and it must not be read as an acquisition-technology or equipment-generation effect. It is additionally confounded with retrospective record availability: on the test split median follow-up falls from 1,826 days in 2007-2011 to 430 days in 2017-2021 while the share observed through five years falls from 97.2% to 1.0%, and the earliest era carries zero events. Post hoc under D35. | POST HOC EXPLORATORY (deviation D35): specified after the single permitted read of the sealed test split, not before it"
m2_frontal,acquisition_era_devtertile,Acquisition era (development tertile edges),2015 and earlier,not applicable,harrell_c,1825,167,6,6,122,,,,,False,True,protocol section 21: fewer than 50 events (6 in this level),"UNCONFIRMED DATE COMPARABILITY. The era label is derived from StudyDate_anon, which carries a PER-PATIENT RANDOM SHIFT (see src/inventory.py and outputs/data_quality_report.md: ""Absolute calendar dates are meaningless, but within-patient day intervals are valid""). Protocol section 17 demands written confirmation that de-identified dates are comparable across patients; deviation D17 recorded that it ""has not been obtained"", and as of 2026-08-11 it still has not. This stratum is therefore a stratification on a shifted date of unknown per-patient offset, not on true acquisition year, and it must not be read as an acquisition-technology or equipment-generation effect. It is additionally confounded with retrospective record availability: on the test split median follow-up falls from 1,826 days in 2007-2011 to 430 days in 2017-2021 while the share observed through five years falls from 97.2% to 1.0%, and the earliest era carries zero events. Post hoc under D35. | POST HOC EXPLORATORY (deviation D35): specified after the single permitted read of the sealed test split, not before it | Harrell C is horizon free; horizon_days carries the primary horizon only because the schema has one column for it, not as a claim"
m2_frontal,acquisition_era_devtertile,Acquisition era (development tertile edges),2016 to 2018,not applicable,auc,1825,277,49,49,35,,,,,False,True,protocol section 21: fewer than 50 events (49 in this level),"UNCONFIRMED DATE COMPARABILITY. The era label is derived from StudyDate_anon, which carries a PER-PATIENT RANDOM SHIFT (see src/inventory.py and outputs/data_quality_report.md: ""Absolute calendar dates are meaningless, but within-patient day intervals are valid""). Protocol section 17 demands written confirmation that de-identified dates are comparable across patients; deviation D17 recorded that it ""has not been obtained"", and as of 2026-08-11 it still has not. This stratum is therefore a stratification on a shifted date of unknown per-patient offset, not on true acquisition year, and it must not be read as an acquisition-technology or equipment-generation effect. It is additionally confounded with retrospective record availability: on the test split median follow-up falls from 1,826 days in 2007-2011 to 430 days in 2017-2021 while the share observed through five years falls from 97.2% to 1.0%, and the earliest era carries zero events. Post hoc under D35. | POST HOC EXPLORATORY (deviation D35): specified after the single permitted read of the sealed test split, not before it"
m2_frontal,acquisition_era_devtertile,Acquisition era (development tertile edges),2016 to 2018,not applicable,harrell_c,1825,277,49,49,35,,,,,False,True,protocol section 21: fewer than 50 events (49 in this level),"UNCONFIRMED DATE COMPARABILITY. The era label is derived from StudyDate_anon, which carries a PER-PATIENT RANDOM SHIFT (see src/inventory.py and outputs/data_quality_report.md: ""Absolute calendar dates are meaningless, but within-patient day intervals are valid""). Protocol section 17 demands written confirmation that de-identified dates are comparable across patients; deviation D17 recorded that it ""has not been obtained"", and as of 2026-08-11 it still has not. This stratum is therefore a stratification on a shifted date of unknown per-patient offset, not on true acquisition year, and it must not be read as an acquisition-technology or equipment-generation effect. It is additionally confounded with retrospective record availability: on the test split median follow-up falls from 1,826 days in 2007-2011 to 430 days in 2017-2021 while the share observed through five years falls from 97.2% to 1.0%, and the earliest era carries zero events. Post hoc under D35. | POST HOC EXPLORATORY (deviation D35): specified after the single permitted read of the sealed test split, not before it | Harrell C is horizon free; horizon_days carries the primary horizon only because the schema has one column for it, not as a claim"
m2_frontal,acquisition_era_devtertile,Acquisition era (development tertile edges),2019 and later,not applicable,auc,1825,290,51,51,0,,,,,False,True,"not estimable: the IPCW AUROC at 1825 d compares patients with an event by 1825 days against patients observed event-free beyond it, and this level holds 51 of the former and 0 of the latter. This is undefined, not imprecise; read the horizon-free Harrell C row","UNCONFIRMED DATE COMPARABILITY. The era label is derived from StudyDate_anon, which carries a PER-PATIENT RANDOM SHIFT (see src/inventory.py and outputs/data_quality_report.md: ""Absolute calendar dates are meaningless, but within-patient day intervals are valid""). Protocol section 17 demands written confirmation that de-identified dates are comparable across patients; deviation D17 recorded that it ""has not been obtained"", and as of 2026-08-11 it still has not. This stratum is therefore a stratification on a shifted date of unknown per-patient offset, not on true acquisition year, and it must not be read as an acquisition-technology or equipment-generation effect. It is additionally confounded with retrospective record availability: on the test split median follow-up falls from 1,826 days in 2007-2011 to 430 days in 2017-2021 while the share observed through five years falls from 97.2% to 1.0%, and the earliest era carries zero events. Post hoc under D35. | POST HOC EXPLORATORY (deviation D35): specified after the single permitted read of the sealed test split, not before it"
m2_frontal,acquisition_era_devtertile,Acquisition era (development tertile edges),2019 and later,not applicable,harrell_c,1825,290,51,51,0,0.737802,0.663768,0.804464,0.140696,False,False,,"UNCONFIRMED DATE COMPARABILITY. The era label is derived from StudyDate_anon, which carries a PER-PATIENT RANDOM SHIFT (see src/inventory.py and outputs/data_quality_report.md: ""Absolute calendar dates are meaningless, but within-patient day intervals are valid""). Protocol section 17 demands written confirmation that de-identified dates are comparable across patients; deviation D17 recorded that it ""has not been obtained"", and as of 2026-08-11 it still has not. This stratum is therefore a stratification on a shifted date of unknown per-patient offset, not on true acquisition year, and it must not be read as an acquisition-technology or equipment-generation effect. It is additionally confounded with retrospective record availability: on the test split median follow-up falls from 1,826 days in 2007-2011 to 430 days in 2017-2021 while the share observed through five years falls from 97.2% to 1.0%, and the earliest era carries zero events. Post hoc under D35. | POST HOC EXPLORATORY (deviation D35): specified after the single permitted read of the sealed test split, not before it | Harrell C is horizon free; horizon_days carries the primary horizon only because the schema has one column for it, not as a claim"
m2_frontal,acquisition_era_devmedian,Acquisition era (development median edge),2017 and earlier,not applicable,auc,1825,337,34,34,157,,,,,False,True,protocol section 21: fewer than 50 events (34 in this level),"UNCONFIRMED DATE COMPARABILITY. The era label is derived from StudyDate_anon, which carries a PER-PATIENT RANDOM SHIFT (see src/inventory.py and outputs/data_quality_report.md: ""Absolute calendar dates are meaningless, but within-patient day intervals are valid""). Protocol section 17 demands written confirmation that de-identified dates are comparable across patients; deviation D17 recorded that it ""has not been obtained"", and as of 2026-08-11 it still has not. This stratum is therefore a stratification on a shifted date of unknown per-patient offset, not on true acquisition year, and it must not be read as an acquisition-technology or equipment-generation effect. It is additionally confounded with retrospective record availability: on the test split median follow-up falls from 1,826 days in 2007-2011 to 430 days in 2017-2021 while the share observed through five years falls from 97.2% to 1.0%, and the earliest era carries zero events. Post hoc under D35. | POST HOC EXPLORATORY (deviation D35): specified after the single permitted read of the sealed test split, not before it"
m2_frontal,acquisition_era_devmedian,Acquisition era (development median edge),2017 and earlier,not applicable,harrell_c,1825,337,34,34,157,,,,,False,True,protocol section 21: fewer than 50 events (34 in this level),"UNCONFIRMED DATE COMPARABILITY. The era label is derived from StudyDate_anon, which carries a PER-PATIENT RANDOM SHIFT (see src/inventory.py and outputs/data_quality_report.md: ""Absolute calendar dates are meaningless, but within-patient day intervals are valid""). Protocol section 17 demands written confirmation that de-identified dates are comparable across patients; deviation D17 recorded that it ""has not been obtained"", and as of 2026-08-11 it still has not. This stratum is therefore a stratification on a shifted date of unknown per-patient offset, not on true acquisition year, and it must not be read as an acquisition-technology or equipment-generation effect. It is additionally confounded with retrospective record availability: on the test split median follow-up falls from 1,826 days in 2007-2011 to 430 days in 2017-2021 while the share observed through five years falls from 97.2% to 1.0%, and the earliest era carries zero events. Post hoc under D35. | POST HOC EXPLORATORY (deviation D35): specified after the single permitted read of the sealed test split, not before it | Harrell C is horizon free; horizon_days carries the primary horizon only because the schema has one column for it, not as a claim"
m2_frontal,acquisition_era_devmedian,Acquisition era (development median edge),2018 and later,not applicable,auc,1825,397,72,72,0,,,,,False,True,"not estimable: the IPCW AUROC at 1825 d compares patients with an event by 1825 days against patients observed event-free beyond it, and this level holds 72 of the former and 0 of the latter. This is undefined, not imprecise; read the horizon-free Harrell C row","UNCONFIRMED DATE COMPARABILITY. The era label is derived from StudyDate_anon, which carries a PER-PATIENT RANDOM SHIFT (see src/inventory.py and outputs/data_quality_report.md: ""Absolute calendar dates are meaningless, but within-patient day intervals are valid""). Protocol section 17 demands written confirmation that de-identified dates are comparable across patients; deviation D17 recorded that it ""has not been obtained"", and as of 2026-08-11 it still has not. This stratum is therefore a stratification on a shifted date of unknown per-patient offset, not on true acquisition year, and it must not be read as an acquisition-technology or equipment-generation effect. It is additionally confounded with retrospective record availability: on the test split median follow-up falls from 1,826 days in 2007-2011 to 430 days in 2017-2021 while the share observed through five years falls from 97.2% to 1.0%, and the earliest era carries zero events. Post hoc under D35. | POST HOC EXPLORATORY (deviation D35): specified after the single permitted read of the sealed test split, not before it"
m2_frontal,acquisition_era_devmedian,Acquisition era (development median edge),2018 and later,not applicable,harrell_c,1825,397,72,72,0,0.732339,0.67338,0.786661,0.11328,False,False,,"UNCONFIRMED DATE COMPARABILITY. The era label is derived from StudyDate_anon, which carries a PER-PATIENT RANDOM SHIFT (see src/inventory.py and outputs/data_quality_report.md: ""Absolute calendar dates are meaningless, but within-patient day intervals are valid""). Protocol section 17 demands written confirmation that de-identified dates are comparable across patients; deviation D17 recorded that it ""has not been obtained"", and as of 2026-08-11 it still has not. This stratum is therefore a stratification on a shifted date of unknown per-patient offset, not on true acquisition year, and it must not be read as an acquisition-technology or equipment-generation effect. It is additionally confounded with retrospective record availability: on the test split median follow-up falls from 1,826 days in 2007-2011 to 430 days in 2017-2021 while the share observed through five years falls from 97.2% to 1.0%, and the earliest era carries zero events. Post hoc under D35. | POST HOC EXPLORATORY (deviation D35): specified after the single permitted read of the sealed test split, not before it | Harrell C is horizon free; horizon_days carries the primary horizon only because the schema has one column for it, not as a claim"
m2_frontal,image_masking,Border and marker masking,Border band only,all_crops,auc,1825,471,55,55,107,0.857456,0.787563,0.917754,0.13019,False,False,,"masked_pct is the fraction of the finished 512x512 crop set to zero. Every crop carries the fixed 31-px border band (border_only_masked_pct below); anything above that floor is additional burned-in marker or text masking. UNDER THE all_crops SCOPE THIS STRATUM IS CONFOUNDED WITH VIEW AVAILABILITY: lateral films carry markers far more often than frontal ones, so on the m2_frontal roster (734 test patients with a frontal crop) 212 of 316 multi-view patients sit above the floor against 51 of 418 frontal-only, summing to this family's 263; on the 740-patient m4_fusion roster it is 214 of 322 and 51 of 418, summing to 265. The frontal_only scope is the unconfounded version of this contrast; its additional-masking level holds 21 events and is suppressed by the 50-event floor, so the two-sided comparison exists only under the confounded definition and must not be reported as unconfounded. Post hoc under D35. | POST HOC EXPLORATORY (deviation D35): specified after the single permitted read of the sealed test split, not before it | estimated on 55 case(s) with an event by 1825 d against 107 control(s) observed event-free beyond it"
m2_frontal,image_masking,Border and marker masking,Border band only,all_crops,harrell_c,1825,471,55,55,107,0.801605,0.744003,0.855644,0.111641,False,False,,"masked_pct is the fraction of the finished 512x512 crop set to zero. Every crop carries the fixed 31-px border band (border_only_masked_pct below); anything above that floor is additional burned-in marker or text masking. UNDER THE all_crops SCOPE THIS STRATUM IS CONFOUNDED WITH VIEW AVAILABILITY: lateral films carry markers far more often than frontal ones, so on the m2_frontal roster (734 test patients with a frontal crop) 212 of 316 multi-view patients sit above the floor against 51 of 418 frontal-only, summing to this family's 263; on the 740-patient m4_fusion roster it is 214 of 322 and 51 of 418, summing to 265. The frontal_only scope is the unconfounded version of this contrast; its additional-masking level holds 21 events and is suppressed by the 50-event floor, so the two-sided comparison exists only under the confounded definition and must not be reported as unconfounded. Post hoc under D35. | POST HOC EXPLORATORY (deviation D35): specified after the single permitted read of the sealed test split, not before it | Harrell C is horizon free; horizon_days carries the primary horizon only because the schema has one column for it, not as a claim"
m2_frontal,image_masking,Border and marker masking,Additional marker masking,all_crops,auc,1825,263,51,51,50,0.786404,0.682576,0.878505,0.195929,True,False,,"masked_pct is the fraction of the finished 512x512 crop set to zero. Every crop carries the fixed 31-px border band (border_only_masked_pct below); anything above that floor is additional burned-in marker or text masking. UNDER THE all_crops SCOPE THIS STRATUM IS CONFOUNDED WITH VIEW AVAILABILITY: lateral films carry markers far more often than frontal ones, so on the m2_frontal roster (734 test patients with a frontal crop) 212 of 316 multi-view patients sit above the floor against 51 of 418 frontal-only, summing to this family's 263; on the 740-patient m4_fusion roster it is 214 of 322 and 51 of 418, summing to 265. The frontal_only scope is the unconfounded version of this contrast; its additional-masking level holds 21 events and is suppressed by the 50-event floor, so the two-sided comparison exists only under the confounded definition and must not be reported as unconfounded. Post hoc under D35. | POST HOC EXPLORATORY (deviation D35): specified after the single permitted read of the sealed test split, not before it | estimated on 51 case(s) with an event by 1825 d against 50 control(s) observed event-free beyond it | WIDE INTERVAL: the 95% interval spans 0.196, at or above the pre-declared 0.15 flag"
m2_frontal,image_masking,Border and marker masking,Additional marker masking,all_crops,harrell_c,1825,263,51,51,50,0.727366,0.660428,0.788003,0.127575,False,False,,"masked_pct is the fraction of the finished 512x512 crop set to zero. Every crop carries the fixed 31-px border band (border_only_masked_pct below); anything above that floor is additional burned-in marker or text masking. UNDER THE all_crops SCOPE THIS STRATUM IS CONFOUNDED WITH VIEW AVAILABILITY: lateral films carry markers far more often than frontal ones, so on the m2_frontal roster (734 test patients with a frontal crop) 212 of 316 multi-view patients sit above the floor against 51 of 418 frontal-only, summing to this family's 263; on the 740-patient m4_fusion roster it is 214 of 322 and 51 of 418, summing to 265. The frontal_only scope is the unconfounded version of this contrast; its additional-masking level holds 21 events and is suppressed by the 50-event floor, so the two-sided comparison exists only under the confounded definition and must not be reported as unconfounded. Post hoc under D35. | POST HOC EXPLORATORY (deviation D35): specified after the single permitted read of the sealed test split, not before it | Harrell C is horizon free; horizon_days carries the primary horizon only because the schema has one column for it, not as a claim"
m2_frontal,image_masking,Border and marker masking,Border band only,frontal_only,auc,1825,619,85,85,137,0.826864,0.767167,0.886184,0.119017,False,False,,"masked_pct is the fraction of the finished 512x512 crop set to zero. Every crop carries the fixed 31-px border band (border_only_masked_pct below); anything above that floor is additional burned-in marker or text masking. UNDER THE all_crops SCOPE THIS STRATUM IS CONFOUNDED WITH VIEW AVAILABILITY: lateral films carry markers far more often than frontal ones, so on the m2_frontal roster (734 test patients with a frontal crop) 212 of 316 multi-view patients sit above the floor against 51 of 418 frontal-only, summing to this family's 263; on the 740-patient m4_fusion roster it is 214 of 322 and 51 of 418, summing to 265. The frontal_only scope is the unconfounded version of this contrast; its additional-masking level holds 21 events and is suppressed by the 50-event floor, so the two-sided comparison exists only under the confounded definition and must not be reported as unconfounded. Post hoc under D35. | POST HOC EXPLORATORY (deviation D35): specified after the single permitted read of the sealed test split, not before it | estimated on 85 case(s) with an event by 1825 d against 137 control(s) observed event-free beyond it"
m2_frontal,image_masking,Border and marker masking,Border band only,frontal_only,harrell_c,1825,619,85,85,137,0.786671,0.740172,0.828921,0.08875,False,False,,"masked_pct is the fraction of the finished 512x512 crop set to zero. Every crop carries the fixed 31-px border band (border_only_masked_pct below); anything above that floor is additional burned-in marker or text masking. UNDER THE all_crops SCOPE THIS STRATUM IS CONFOUNDED WITH VIEW AVAILABILITY: lateral films carry markers far more often than frontal ones, so on the m2_frontal roster (734 test patients with a frontal crop) 212 of 316 multi-view patients sit above the floor against 51 of 418 frontal-only, summing to this family's 263; on the 740-patient m4_fusion roster it is 214 of 322 and 51 of 418, summing to 265. The frontal_only scope is the unconfounded version of this contrast; its additional-masking level holds 21 events and is suppressed by the 50-event floor, so the two-sided comparison exists only under the confounded definition and must not be reported as unconfounded. Post hoc under D35. | POST HOC EXPLORATORY (deviation D35): specified after the single permitted read of the sealed test split, not before it | Harrell C is horizon free; horizon_days carries the primary horizon only because the schema has one column for it, not as a claim"
m2_frontal,image_masking,Border and marker masking,Additional marker masking,frontal_only,auc,1825,115,21,21,20,,,,,False,True,protocol section 21: fewer than 50 events (21 in this level),"masked_pct is the fraction of the finished 512x512 crop set to zero. Every crop carries the fixed 31-px border band (border_only_masked_pct below); anything above that floor is additional burned-in marker or text masking. UNDER THE all_crops SCOPE THIS STRATUM IS CONFOUNDED WITH VIEW AVAILABILITY: lateral films carry markers far more often than frontal ones, so on the m2_frontal roster (734 test patients with a frontal crop) 212 of 316 multi-view patients sit above the floor against 51 of 418 frontal-only, summing to this family's 263; on the 740-patient m4_fusion roster it is 214 of 322 and 51 of 418, summing to 265. The frontal_only scope is the unconfounded version of this contrast; its additional-masking level holds 21 events and is suppressed by the 50-event floor, so the two-sided comparison exists only under the confounded definition and must not be reported as unconfounded. Post hoc under D35. | POST HOC EXPLORATORY (deviation D35): specified after the single permitted read of the sealed test split, not before it"
m2_frontal,image_masking,Border and marker masking,Additional marker masking,frontal_only,harrell_c,1825,115,21,21,20,,,,,False,True,protocol section 21: fewer than 50 events (21 in this level),"masked_pct is the fraction of the finished 512x512 crop set to zero. Every crop carries the fixed 31-px border band (border_only_masked_pct below); anything above that floor is additional burned-in marker or text masking. UNDER THE all_crops SCOPE THIS STRATUM IS CONFOUNDED WITH VIEW AVAILABILITY: lateral films carry markers far more often than frontal ones, so on the m2_frontal roster (734 test patients with a frontal crop) 212 of 316 multi-view patients sit above the floor against 51 of 418 frontal-only, summing to this family's 263; on the 740-patient m4_fusion roster it is 214 of 322 and 51 of 418, summing to 265. The frontal_only scope is the unconfounded version of this contrast; its additional-masking level holds 21 events and is suppressed by the 50-event floor, so the two-sided comparison exists only under the confounded definition and must not be reported as unconfounded. Post hoc under D35. | POST HOC EXPLORATORY (deviation D35): specified after the single permitted read of the sealed test split, not before it | Harrell C is horizon free; horizon_days carries the primary horizon only because the schema has one column for it, not as a claim"
m2_frontal,image_crop_confidence,Joint localization confidence,Confidence 1.0,all_crops,auc,1825,718,104,104,155,0.835514,0.782372,0.886619,0.104248,False,False,,"crop_confidence is 1.0 exactly whenever crop_method is center_default and below 1.0 whenever it is intensity_profile; the two columns are the SAME partition on every split (1:1 on all 6,071 preprocessed images), so this family and image_crop_method carry identical masks and are reported together only because the editor named image quality and localization separately. Post hoc under D35. | POST HOC EXPLORATORY (deviation D35): specified after the single permitted read of the sealed test split, not before it | estimated on 104 case(s) with an event by 1825 d against 155 control(s) observed event-free beyond it"
m2_frontal,image_crop_confidence,Joint localization confidence,Confidence 1.0,all_crops,harrell_c,1825,718,104,104,155,0.780266,0.738742,0.818043,0.079301,False,False,,"crop_confidence is 1.0 exactly whenever crop_method is center_default and below 1.0 whenever it is intensity_profile; the two columns are the SAME partition on every split (1:1 on all 6,071 preprocessed images), so this family and image_crop_method carry identical masks and are reported together only because the editor named image quality and localization separately. Post hoc under D35. | POST HOC EXPLORATORY (deviation D35): specified after the single permitted read of the sealed test split, not before it | Harrell C is horizon free; horizon_days carries the primary horizon only because the schema has one column for it, not as a claim"
m2_frontal,image_crop_confidence,Joint localization confidence,Confidence below 1.0,all_crops,auc,1825,16,2,2,2,,,,,False,True,protocol section 21: fewer than 50 events (2 in this level),"crop_confidence is 1.0 exactly whenever crop_method is center_default and below 1.0 whenever it is intensity_profile; the two columns are the SAME partition on every split (1:1 on all 6,071 preprocessed images), so this family and image_crop_method carry identical masks and are reported together only because the editor named image quality and localization separately. Post hoc under D35. | POST HOC EXPLORATORY (deviation D35): specified after the single permitted read of the sealed test split, not before it"
m2_frontal,image_crop_confidence,Joint localization confidence,Confidence below 1.0,all_crops,harrell_c,1825,16,2,2,2,,,,,False,True,protocol section 21: fewer than 50 events (2 in this level),"crop_confidence is 1.0 exactly whenever crop_method is center_default and below 1.0 whenever it is intensity_profile; the two columns are the SAME partition on every split (1:1 on all 6,071 preprocessed images), so this family and image_crop_method carry identical masks and are reported together only because the editor named image quality and localization separately. Post hoc under D35. | POST HOC EXPLORATORY (deviation D35): specified after the single permitted read of the sealed test split, not before it | Harrell C is horizon free; horizon_days carries the primary horizon only because the schema has one column for it, not as a claim"
m2_frontal,image_crop_confidence,Joint localization confidence,Confidence 1.0,frontal_only,auc,1825,722,104,104,155,0.835514,0.782372,0.886619,0.104248,False,False,,"crop_confidence is 1.0 exactly whenever crop_method is center_default and below 1.0 whenever it is intensity_profile; the two columns are the SAME partition on every split (1:1 on all 6,071 preprocessed images), so this family and image_crop_method carry identical masks and are reported together only because the editor named image quality and localization separately. Post hoc under D35. | POST HOC EXPLORATORY (deviation D35): specified after the single permitted read of the sealed test split, not before it | estimated on 104 case(s) with an event by 1825 d against 155 control(s) observed event-free beyond it"
m2_frontal,image_crop_confidence,Joint localization confidence,Confidence 1.0,frontal_only,harrell_c,1825,722,104,104,155,0.779903,0.738569,0.817711,0.079142,False,False,,"crop_confidence is 1.0 exactly whenever crop_method is center_default and below 1.0 whenever it is intensity_profile; the two columns are the SAME partition on every split (1:1 on all 6,071 preprocessed images), so this family and image_crop_method carry identical masks and are reported together only because the editor named image quality and localization separately. Post hoc under D35. | POST HOC EXPLORATORY (deviation D35): specified after the single permitted read of the sealed test split, not before it | Harrell C is horizon free; horizon_days carries the primary horizon only because the schema has one column for it, not as a claim"
m2_frontal,image_crop_confidence,Joint localization confidence,Confidence below 1.0,frontal_only,auc,1825,12,2,2,2,,,,,False,True,protocol section 21: fewer than 50 events (2 in this level),"crop_confidence is 1.0 exactly whenever crop_method is center_default and below 1.0 whenever it is intensity_profile; the two columns are the SAME partition on every split (1:1 on all 6,071 preprocessed images), so this family and image_crop_method carry identical masks and are reported together only because the editor named image quality and localization separately. Post hoc under D35. | POST HOC EXPLORATORY (deviation D35): specified after the single permitted read of the sealed test split, not before it"
m2_frontal,image_crop_confidence,Joint localization confidence,Confidence below 1.0,frontal_only,harrell_c,1825,12,2,2,2,,,,,False,True,protocol section 21: fewer than 50 events (2 in this level),"crop_confidence is 1.0 exactly whenever crop_method is center_default and below 1.0 whenever it is intensity_profile; the two columns are the SAME partition on every split (1:1 on all 6,071 preprocessed images), so this family and image_crop_method carry identical masks and are reported together only because the editor named image quality and localization separately. Post hoc under D35. | POST HOC EXPLORATORY (deviation D35): specified after the single permitted read of the sealed test split, not before it | Harrell C is horizon free; horizon_days carries the primary horizon only because the schema has one column for it, not as a claim"
m2_frontal,image_crop_method,Joint localization method,Center default only,all_crops,auc,1825,718,104,104,155,0.835514,0.782372,0.886619,0.104248,False,False,,"BADLY IMBALANCED AND REPORTED AS SUCH: intensity_profile localization was used on 86 of 6,071 preprocessed images overall and on 17 of 1,216 test images (16 test patients under the all_crops scope). No partition of this family can put 50 events in the intensity_profile level, so its suppression is arithmetically forced rather than a shortfall of effort. Identical mask to image_crop_confidence. Post hoc under D35. | POST HOC EXPLORATORY (deviation D35): specified after the single permitted read of the sealed test split, not before it | estimated on 104 case(s) with an event by 1825 d against 155 control(s) observed event-free beyond it"
m2_frontal,image_crop_method,Joint localization method,Center default only,all_crops,harrell_c,1825,718,104,104,155,0.780266,0.738742,0.818043,0.079301,False,False,,"BADLY IMBALANCED AND REPORTED AS SUCH: intensity_profile localization was used on 86 of 6,071 preprocessed images overall and on 17 of 1,216 test images (16 test patients under the all_crops scope). No partition of this family can put 50 events in the intensity_profile level, so its suppression is arithmetically forced rather than a shortfall of effort. Identical mask to image_crop_confidence. Post hoc under D35. | POST HOC EXPLORATORY (deviation D35): specified after the single permitted read of the sealed test split, not before it | Harrell C is horizon free; horizon_days carries the primary horizon only because the schema has one column for it, not as a claim"
m2_frontal,image_crop_method,Joint localization method,Any intensity profile,all_crops,auc,1825,16,2,2,2,,,,,False,True,protocol section 21: fewer than 50 events (2 in this level),"BADLY IMBALANCED AND REPORTED AS SUCH: intensity_profile localization was used on 86 of 6,071 preprocessed images overall and on 17 of 1,216 test images (16 test patients under the all_crops scope). No partition of this family can put 50 events in the intensity_profile level, so its suppression is arithmetically forced rather than a shortfall of effort. Identical mask to image_crop_confidence. Post hoc under D35. | POST HOC EXPLORATORY (deviation D35): specified after the single permitted read of the sealed test split, not before it"
m2_frontal,image_crop_method,Joint localization method,Any intensity profile,all_crops,harrell_c,1825,16,2,2,2,,,,,False,True,protocol section 21: fewer than 50 events (2 in this level),"BADLY IMBALANCED AND REPORTED AS SUCH: intensity_profile localization was used on 86 of 6,071 preprocessed images overall and on 17 of 1,216 test images (16 test patients under the all_crops scope). No partition of this family can put 50 events in the intensity_profile level, so its suppression is arithmetically forced rather than a shortfall of effort. Identical mask to image_crop_confidence. Post hoc under D35. | POST HOC EXPLORATORY (deviation D35): specified after the single permitted read of the sealed test split, not before it | Harrell C is horizon free; horizon_days carries the primary horizon only because the schema has one column for it, not as a claim"
m2_frontal,image_crop_method,Joint localization method,Center default only,frontal_only,auc,1825,722,104,104,155,0.835514,0.782372,0.886619,0.104248,False,False,,"BADLY IMBALANCED AND REPORTED AS SUCH: intensity_profile localization was used on 86 of 6,071 preprocessed images overall and on 17 of 1,216 test images (16 test patients under the all_crops scope). No partition of this family can put 50 events in the intensity_profile level, so its suppression is arithmetically forced rather than a shortfall of effort. Identical mask to image_crop_confidence. Post hoc under D35. | POST HOC EXPLORATORY (deviation D35): specified after the single permitted read of the sealed test split, not before it | estimated on 104 case(s) with an event by 1825 d against 155 control(s) observed event-free beyond it"
m2_frontal,image_crop_method,Joint localization method,Center default only,frontal_only,harrell_c,1825,722,104,104,155,0.779903,0.738569,0.817711,0.079142,False,False,,"BADLY IMBALANCED AND REPORTED AS SUCH: intensity_profile localization was used on 86 of 6,071 preprocessed images overall and on 17 of 1,216 test images (16 test patients under the all_crops scope). No partition of this family can put 50 events in the intensity_profile level, so its suppression is arithmetically forced rather than a shortfall of effort. Identical mask to image_crop_confidence. Post hoc under D35. | POST HOC EXPLORATORY (deviation D35): specified after the single permitted read of the sealed test split, not before it | Harrell C is horizon free; horizon_days carries the primary horizon only because the schema has one column for it, not as a claim"
m2_frontal,image_crop_method,Joint localization method,Any intensity profile,frontal_only,auc,1825,12,2,2,2,,,,,False,True,protocol section 21: fewer than 50 events (2 in this level),"BADLY IMBALANCED AND REPORTED AS SUCH: intensity_profile localization was used on 86 of 6,071 preprocessed images overall and on 17 of 1,216 test images (16 test patients under the all_crops scope). No partition of this family can put 50 events in the intensity_profile level, so its suppression is arithmetically forced rather than a shortfall of effort. Identical mask to image_crop_confidence. Post hoc under D35. | POST HOC EXPLORATORY (deviation D35): specified after the single permitted read of the sealed test split, not before it"
m2_frontal,image_crop_method,Joint localization method,Any intensity profile,frontal_only,harrell_c,1825,12,2,2,2,,,,,False,True,protocol section 21: fewer than 50 events (2 in this level),"BADLY IMBALANCED AND REPORTED AS SUCH: intensity_profile localization was used on 86 of 6,071 preprocessed images overall and on 17 of 1,216 test images (16 test patients under the all_crops scope). No partition of this family can put 50 events in the intensity_profile level, so its suppression is arithmetically forced rather than a shortfall of effort. Identical mask to image_crop_confidence. Post hoc under D35. | POST HOC EXPLORATORY (deviation D35): specified after the single permitted read of the sealed test split, not before it | Harrell C is horizon free; horizon_days carries the primary horizon only because the schema has one column for it, not as a claim"
m2_frontal,image_inverted,Photometric inversion applied,No inversion,all_crops,auc,1825,588,90,90,96,0.786138,0.715482,0.855589,0.140107,False,False,,"inverted records that the preprocessing corrected a MONOCHROME1 presentation so bone reads bright. Post hoc under D35. | POST HOC EXPLORATORY (deviation D35): specified after the single permitted read of the sealed test split, not before it | estimated on 90 case(s) with an event by 1825 d against 96 control(s) observed event-free beyond it"
m2_frontal,image_inverted,Photometric inversion applied,No inversion,all_crops,harrell_c,1825,588,90,90,96,0.763333,0.717447,0.804808,0.087361,False,False,,"inverted records that the preprocessing corrected a MONOCHROME1 presentation so bone reads bright. Post hoc under D35. | POST HOC EXPLORATORY (deviation D35): specified after the single permitted read of the sealed test split, not before it | Harrell C is horizon free; horizon_days carries the primary horizon only because the schema has one column for it, not as a claim"
m2_frontal,image_inverted,Photometric inversion applied,Inversion applied,all_crops,auc,1825,146,16,16,61,,,,,False,True,protocol section 21: fewer than 50 events (16 in this level),"inverted records that the preprocessing corrected a MONOCHROME1 presentation so bone reads bright. Post hoc under D35. | POST HOC EXPLORATORY (deviation D35): specified after the single permitted read of the sealed test split, not before it"
m2_frontal,image_inverted,Photometric inversion applied,Inversion applied,all_crops,harrell_c,1825,146,16,16,61,,,,,False,True,protocol section 21: fewer than 50 events (16 in this level),"inverted records that the preprocessing corrected a MONOCHROME1 presentation so bone reads bright. Post hoc under D35. | POST HOC EXPLORATORY (deviation D35): specified after the single permitted read of the sealed test split, not before it | Harrell C is horizon free; horizon_days carries the primary horizon only because the schema has one column for it, not as a claim"
m2_frontal,image_inverted,Photometric inversion applied,No inversion,frontal_only,auc,1825,588,90,90,96,0.786138,0.715482,0.855589,0.140107,False,False,,"inverted records that the preprocessing corrected a MONOCHROME1 presentation so bone reads bright. Post hoc under D35. | POST HOC EXPLORATORY (deviation D35): specified after the single permitted read of the sealed test split, not before it | estimated on 90 case(s) with an event by 1825 d against 96 control(s) observed event-free beyond it"
m2_frontal,image_inverted,Photometric inversion applied,No inversion,frontal_only,harrell_c,1825,588,90,90,96,0.763333,0.717447,0.804808,0.087361,False,False,,"inverted records that the preprocessing corrected a MONOCHROME1 presentation so bone reads bright. Post hoc under D35. | POST HOC EXPLORATORY (deviation D35): specified after the single permitted read of the sealed test split, not before it | Harrell C is horizon free; horizon_days carries the primary horizon only because the schema has one column for it, not as a claim"
m2_frontal,image_inverted,Photometric inversion applied,Inversion applied,frontal_only,auc,1825,146,16,16,61,,,,,False,True,protocol section 21: fewer than 50 events (16 in this level),"inverted records that the preprocessing corrected a MONOCHROME1 presentation so bone reads bright. Post hoc under D35. | POST HOC EXPLORATORY (deviation D35): specified after the single permitted read of the sealed test split, not before it"
m2_frontal,image_inverted,Photometric inversion applied,Inversion applied,frontal_only,harrell_c,1825,146,16,16,61,,,,,False,True,protocol section 21: fewer than 50 events (16 in this level),"inverted records that the preprocessing corrected a MONOCHROME1 presentation so bone reads bright. Post hoc under D35. | POST HOC EXPLORATORY (deviation D35): specified after the single permitted read of the sealed test split, not before it | Harrell C is horizon free; horizon_days carries the primary horizon only because the schema has one column for it, not as a claim"
m2_frontal,image_half_selected,Bilateral half selection,No half selection,all_crops,auc,1825,27,8,8,6,,,,,False,True,protocol section 21: fewer than 50 events (8 in this level),"half_selected records that a bilateral film was cut at a 2% midline inset to keep the contralateral knee only. It is 'none' only for films already showing one knee, which on the test split is 33 of 740 patients under the all_crops scope, so the unexposed level cannot reach the event floor. The half-select is driven by the model-inferred horizontal_flip annotation, which the protocol section 23(i) review has not yet validated (D22). Post hoc under D35. | POST HOC EXPLORATORY (deviation D35): specified after the single permitted read of the sealed test split, not before it"
m2_frontal,image_half_selected,Bilateral half selection,No half selection,all_crops,harrell_c,1825,27,8,8,6,,,,,False,True,protocol section 21: fewer than 50 events (8 in this level),"half_selected records that a bilateral film was cut at a 2% midline inset to keep the contralateral knee only. It is 'none' only for films already showing one knee, which on the test split is 33 of 740 patients under the all_crops scope, so the unexposed level cannot reach the event floor. The half-select is driven by the model-inferred horizontal_flip annotation, which the protocol section 23(i) review has not yet validated (D22). Post hoc under D35. | POST HOC EXPLORATORY (deviation D35): specified after the single permitted read of the sealed test split, not before it | Harrell C is horizon free; horizon_days carries the primary horizon only because the schema has one column for it, not as a claim"
m2_frontal,image_half_selected,Bilateral half selection,Half selection applied,all_crops,auc,1825,707,98,98,151,0.846092,0.792054,0.895887,0.103833,False,False,,"half_selected records that a bilateral film was cut at a 2% midline inset to keep the contralateral knee only. It is 'none' only for films already showing one knee, which on the test split is 33 of 740 patients under the all_crops scope, so the unexposed level cannot reach the event floor. The half-select is driven by the model-inferred horizontal_flip annotation, which the protocol section 23(i) review has not yet validated (D22). Post hoc under D35. | POST HOC EXPLORATORY (deviation D35): specified after the single permitted read of the sealed test split, not before it | estimated on 98 case(s) with an event by 1825 d against 151 control(s) observed event-free beyond it"
m2_frontal,image_half_selected,Bilateral half selection,Half selection applied,all_crops,harrell_c,1825,707,98,98,151,0.786759,0.744346,0.824061,0.079714,False,False,,"half_selected records that a bilateral film was cut at a 2% midline inset to keep the contralateral knee only. It is 'none' only for films already showing one knee, which on the test split is 33 of 740 patients under the all_crops scope, so the unexposed level cannot reach the event floor. The half-select is driven by the model-inferred horizontal_flip annotation, which the protocol section 23(i) review has not yet validated (D22). Post hoc under D35. | POST HOC EXPLORATORY (deviation D35): specified after the single permitted read of the sealed test split, not before it | Harrell C is horizon free; horizon_days carries the primary horizon only because the schema has one column for it, not as a claim"
m2_frontal,image_half_selected,Bilateral half selection,No half selection,frontal_only,auc,1825,27,8,8,6,,,,,False,True,protocol section 21: fewer than 50 events (8 in this level),"half_selected records that a bilateral film was cut at a 2% midline inset to keep the contralateral knee only. It is 'none' only for films already showing one knee, which on the test split is 33 of 740 patients under the all_crops scope, so the unexposed level cannot reach the event floor. The half-select is driven by the model-inferred horizontal_flip annotation, which the protocol section 23(i) review has not yet validated (D22). Post hoc under D35. | POST HOC EXPLORATORY (deviation D35): specified after the single permitted read of the sealed test split, not before it"
m2_frontal,image_half_selected,Bilateral half selection,No half selection,frontal_only,harrell_c,1825,27,8,8,6,,,,,False,True,protocol section 21: fewer than 50 events (8 in this level),"half_selected records that a bilateral film was cut at a 2% midline inset to keep the contralateral knee only. It is 'none' only for films already showing one knee, which on the test split is 33 of 740 patients under the all_crops scope, so the unexposed level cannot reach the event floor. The half-select is driven by the model-inferred horizontal_flip annotation, which the protocol section 23(i) review has not yet validated (D22). Post hoc under D35. | POST HOC EXPLORATORY (deviation D35): specified after the single permitted read of the sealed test split, not before it | Harrell C is horizon free; horizon_days carries the primary horizon only because the schema has one column for it, not as a claim"
m2_frontal,image_half_selected,Bilateral half selection,Half selection applied,frontal_only,auc,1825,707,98,98,151,0.846092,0.792054,0.895887,0.103833,False,False,,"half_selected records that a bilateral film was cut at a 2% midline inset to keep the contralateral knee only. It is 'none' only for films already showing one knee, which on the test split is 33 of 740 patients under the all_crops scope, so the unexposed level cannot reach the event floor. The half-select is driven by the model-inferred horizontal_flip annotation, which the protocol section 23(i) review has not yet validated (D22). Post hoc under D35. | POST HOC EXPLORATORY (deviation D35): specified after the single permitted read of the sealed test split, not before it | estimated on 98 case(s) with an event by 1825 d against 151 control(s) observed event-free beyond it"
m2_frontal,image_half_selected,Bilateral half selection,Half selection applied,frontal_only,harrell_c,1825,707,98,98,151,0.786759,0.744346,0.824061,0.079714,False,False,,"half_selected records that a bilateral film was cut at a 2% midline inset to keep the contralateral knee only. It is 'none' only for films already showing one knee, which on the test split is 33 of 740 patients under the all_crops scope, so the unexposed level cannot reach the event floor. The half-select is driven by the model-inferred horizontal_flip annotation, which the protocol section 23(i) review has not yet validated (D22). Post hoc under D35. | POST HOC EXPLORATORY (deviation D35): specified after the single permitted read of the sealed test split, not before it | Harrell C is horizon free; horizon_days carries the primary horizon only because the schema has one column for it, not as a claim"
m4_fusion,imaging_weight_bearing,Frontal radiograph technique,Weight bearing,not applicable,auc,1825,673,101,101,133,0.872824,0.819269,0.92011,0.100841,False,False,,"POST HOC EXPLORATORY (deviation D35): specified after the single permitted read of the sealed test split, not before it | estimated on 101 case(s) with an event by 1825 d against 133 control(s) observed event-free beyond it"
m4_fusion,imaging_weight_bearing,Frontal radiograph technique,Weight bearing,not applicable,harrell_c,1825,673,101,101,133,0.799512,0.758507,0.837082,0.078575,False,False,,"POST HOC EXPLORATORY (deviation D35): specified after the single permitted read of the sealed test split, not before it | Harrell C is horizon free; horizon_days carries the primary horizon only because the schema has one column for it, not as a claim"
m4_fusion,imaging_weight_bearing,Frontal radiograph technique,Non weight bearing,not applicable,auc,1825,67,5,5,28,,,,,False,True,protocol section 21: fewer than 50 events (5 in this level),"POST HOC EXPLORATORY (deviation D35): specified after the single permitted read of the sealed test split, not before it"
m4_fusion,imaging_weight_bearing,Frontal radiograph technique,Non weight bearing,not applicable,harrell_c,1825,67,5,5,28,,,,,False,True,protocol section 21: fewer than 50 events (5 in this level),"POST HOC EXPLORATORY (deviation D35): specified after the single permitted read of the sealed test split, not before it | Harrell C is horizon free; horizon_days carries the primary horizon only because the schema has one column for it, not as a claim"
m4_fusion,imaging_views,Imaging views,Frontal only,not applicable,auc,1825,418,37,37,94,,,,,False,True,protocol section 21: fewer than 50 events (37 in this level),"POST HOC EXPLORATORY (deviation D35): specified after the single permitted read of the sealed test split, not before it"
m4_fusion,imaging_views,Imaging views,Frontal only,not applicable,harrell_c,1825,418,37,37,94,,,,,False,True,protocol section 21: fewer than 50 events (37 in this level),"POST HOC EXPLORATORY (deviation D35): specified after the single permitted read of the sealed test split, not before it | Harrell C is horizon free; horizon_days carries the primary horizon only because the schema has one column for it, not as a claim"
m4_fusion,imaging_views,Imaging views,Multiple views,not applicable,auc,1825,322,69,69,67,0.803907,0.719114,0.878835,0.159721,True,False,,"POST HOC EXPLORATORY (deviation D35): specified after the single permitted read of the sealed test split, not before it | estimated on 69 case(s) with an event by 1825 d against 67 control(s) observed event-free beyond it | WIDE INTERVAL: the 95% interval spans 0.160, at or above the pre-declared 0.15 flag"
m4_fusion,imaging_views,Imaging views,Multiple views,not applicable,harrell_c,1825,322,69,69,67,0.706888,0.653254,0.75714,0.103886,False,False,,"POST HOC EXPLORATORY (deviation D35): specified after the single permitted read of the sealed test split, not before it | Harrell C is horizon free; horizon_days carries the primary horizon only because the schema has one column for it, not as a claim"
m4_fusion,laterality_source,Index laterality source,Coded laterality,not applicable,auc,1825,370,76,76,0,,,,,False,True,"not estimable: the IPCW AUROC at 1825 d compares patients with an event by 1825 days against patients observed event-free beyond it, and this level holds 76 of the former and 0 of the latter. This is undefined, not imprecise; read the horizon-free Harrell C row","side_source records how the INDEX operative side was established: 'coded' = an interpretable RT/LT modifier on the earliest CPT 27447; 'recovered' = rule-based reconciliation of concordant same-day-or-earlier CPT / ICD / image signals (deviation D2). It is not a neural-network output and must not be conflated with the model-inferred per-image laterality, view and horizontal-flip annotations (protocol section 23(i)). The recovered arm is the exposure the protocol section-7 audit was meant to validate; that audit is still unscored (D22), so this stratum measures the consequence of an unvalidated annotation. | POST HOC EXPLORATORY (deviation D35): specified after the single permitted read of the sealed test split, not before it"
m4_fusion,laterality_source,Index laterality source,Coded laterality,not applicable,harrell_c,1825,370,76,76,0,0.730075,0.674897,0.783995,0.109098,False,False,,"side_source records how the INDEX operative side was established: 'coded' = an interpretable RT/LT modifier on the earliest CPT 27447; 'recovered' = rule-based reconciliation of concordant same-day-or-earlier CPT / ICD / image signals (deviation D2). It is not a neural-network output and must not be conflated with the model-inferred per-image laterality, view and horizontal-flip annotations (protocol section 23(i)). The recovered arm is the exposure the protocol section-7 audit was meant to validate; that audit is still unscored (D22), so this stratum measures the consequence of an unvalidated annotation. | POST HOC EXPLORATORY (deviation D35): specified after the single permitted read of the sealed test split, not before it | Harrell C is horizon free; horizon_days carries the primary horizon only because the schema has one column for it, not as a claim"
m4_fusion,laterality_source,Index laterality source,Recovered laterality,not applicable,auc,1825,370,30,30,161,,,,,False,True,protocol section 21: fewer than 50 events (30 in this level),"side_source records how the INDEX operative side was established: 'coded' = an interpretable RT/LT modifier on the earliest CPT 27447; 'recovered' = rule-based reconciliation of concordant same-day-or-earlier CPT / ICD / image signals (deviation D2). It is not a neural-network output and must not be conflated with the model-inferred per-image laterality, view and horizontal-flip annotations (protocol section 23(i)). The recovered arm is the exposure the protocol section-7 audit was meant to validate; that audit is still unscored (D22), so this stratum measures the consequence of an unvalidated annotation. | POST HOC EXPLORATORY (deviation D35): specified after the single permitted read of the sealed test split, not before it"
m4_fusion,laterality_source,Index laterality source,Recovered laterality,not applicable,harrell_c,1825,370,30,30,161,,,,,False,True,protocol section 21: fewer than 50 events (30 in this level),"side_source records how the INDEX operative side was established: 'coded' = an interpretable RT/LT modifier on the earliest CPT 27447; 'recovered' = rule-based reconciliation of concordant same-day-or-earlier CPT / ICD / image signals (deviation D2). It is not a neural-network output and must not be conflated with the model-inferred per-image laterality, view and horizontal-flip annotations (protocol section 23(i)). The recovered arm is the exposure the protocol section-7 audit was meant to validate; that audit is still unscored (D22), so this stratum measures the consequence of an unvalidated annotation. | POST HOC EXPLORATORY (deviation D35): specified after the single permitted read of the sealed test split, not before it | Harrell C is horizon free; horizon_days carries the primary horizon only because the schema has one column for it, not as a claim"
m4_fusion,acquisition_era_calendar,Acquisition era (five-year calendar spans),2007 to 2011,not applicable,auc,1825,36,0,0,35,,,,,False,True,protocol section 21: fewer than 50 events (0 in this level),"UNCONFIRMED DATE COMPARABILITY. The era label is derived from StudyDate_anon, which carries a PER-PATIENT RANDOM SHIFT (see src/inventory.py and outputs/data_quality_report.md: ""Absolute calendar dates are meaningless, but within-patient day intervals are valid""). Protocol section 17 demands written confirmation that de-identified dates are comparable across patients; deviation D17 recorded that it ""has not been obtained"", and as of 2026-08-11 it still has not. This stratum is therefore a stratification on a shifted date of unknown per-patient offset, not on true acquisition year, and it must not be read as an acquisition-technology or equipment-generation effect. It is additionally confounded with retrospective record availability: on the test split median follow-up falls from 1,826 days in 2007-2011 to 430 days in 2017-2021 while the share observed through five years falls from 97.2% to 1.0%, and the earliest era carries zero events. Post hoc under D35. | POST HOC EXPLORATORY (deviation D35): specified after the single permitted read of the sealed test split, not before it"
m4_fusion,acquisition_era_calendar,Acquisition era (five-year calendar spans),2007 to 2011,not applicable,harrell_c,1825,36,0,0,35,,,,,False,True,protocol section 21: fewer than 50 events (0 in this level),"UNCONFIRMED DATE COMPARABILITY. The era label is derived from StudyDate_anon, which carries a PER-PATIENT RANDOM SHIFT (see src/inventory.py and outputs/data_quality_report.md: ""Absolute calendar dates are meaningless, but within-patient day intervals are valid""). Protocol section 17 demands written confirmation that de-identified dates are comparable across patients; deviation D17 recorded that it ""has not been obtained"", and as of 2026-08-11 it still has not. This stratum is therefore a stratification on a shifted date of unknown per-patient offset, not on true acquisition year, and it must not be read as an acquisition-technology or equipment-generation effect. It is additionally confounded with retrospective record availability: on the test split median follow-up falls from 1,826 days in 2007-2011 to 430 days in 2017-2021 while the share observed through five years falls from 97.2% to 1.0%, and the earliest era carries zero events. Post hoc under D35. | POST HOC EXPLORATORY (deviation D35): specified after the single permitted read of the sealed test split, not before it | Harrell C is horizon free; horizon_days carries the primary horizon only because the schema has one column for it, not as a claim"
m4_fusion,acquisition_era_calendar,Acquisition era (five-year calendar spans),2012 to 2016,not applicable,auc,1825,220,12,12,123,,,,,False,True,protocol section 21: fewer than 50 events (12 in this level),"UNCONFIRMED DATE COMPARABILITY. The era label is derived from StudyDate_anon, which carries a PER-PATIENT RANDOM SHIFT (see src/inventory.py and outputs/data_quality_report.md: ""Absolute calendar dates are meaningless, but within-patient day intervals are valid""). Protocol section 17 demands written confirmation that de-identified dates are comparable across patients; deviation D17 recorded that it ""has not been obtained"", and as of 2026-08-11 it still has not. This stratum is therefore a stratification on a shifted date of unknown per-patient offset, not on true acquisition year, and it must not be read as an acquisition-technology or equipment-generation effect. It is additionally confounded with retrospective record availability: on the test split median follow-up falls from 1,826 days in 2007-2011 to 430 days in 2017-2021 while the share observed through five years falls from 97.2% to 1.0%, and the earliest era carries zero events. Post hoc under D35. | POST HOC EXPLORATORY (deviation D35): specified after the single permitted read of the sealed test split, not before it"
m4_fusion,acquisition_era_calendar,Acquisition era (five-year calendar spans),2012 to 2016,not applicable,harrell_c,1825,220,12,12,123,,,,,False,True,protocol section 21: fewer than 50 events (12 in this level),"UNCONFIRMED DATE COMPARABILITY. The era label is derived from StudyDate_anon, which carries a PER-PATIENT RANDOM SHIFT (see src/inventory.py and outputs/data_quality_report.md: ""Absolute calendar dates are meaningless, but within-patient day intervals are valid""). Protocol section 17 demands written confirmation that de-identified dates are comparable across patients; deviation D17 recorded that it ""has not been obtained"", and as of 2026-08-11 it still has not. This stratum is therefore a stratification on a shifted date of unknown per-patient offset, not on true acquisition year, and it must not be read as an acquisition-technology or equipment-generation effect. It is additionally confounded with retrospective record availability: on the test split median follow-up falls from 1,826 days in 2007-2011 to 430 days in 2017-2021 while the share observed through five years falls from 97.2% to 1.0%, and the earliest era carries zero events. Post hoc under D35. | POST HOC EXPLORATORY (deviation D35): specified after the single permitted read of the sealed test split, not before it | Harrell C is horizon free; horizon_days carries the primary horizon only because the schema has one column for it, not as a claim"
m4_fusion,acquisition_era_calendar,Acquisition era (five-year calendar spans),2017 to 2021,not applicable,auc,1825,484,94,94,3,0.909045,0.783175,1.0,0.216825,True,False,,"UNCONFIRMED DATE COMPARABILITY. The era label is derived from StudyDate_anon, which carries a PER-PATIENT RANDOM SHIFT (see src/inventory.py and outputs/data_quality_report.md: ""Absolute calendar dates are meaningless, but within-patient day intervals are valid""). Protocol section 17 demands written confirmation that de-identified dates are comparable across patients; deviation D17 recorded that it ""has not been obtained"", and as of 2026-08-11 it still has not. This stratum is therefore a stratification on a shifted date of unknown per-patient offset, not on true acquisition year, and it must not be read as an acquisition-technology or equipment-generation effect. It is additionally confounded with retrospective record availability: on the test split median follow-up falls from 1,826 days in 2007-2011 to 430 days in 2017-2021 while the share observed through five years falls from 97.2% to 1.0%, and the earliest era carries zero events. Post hoc under D35. | POST HOC EXPLORATORY (deviation D35): specified after the single permitted read of the sealed test split, not before it | estimated on 94 case(s) with an event by 1825 d against 3 control(s) observed event-free beyond it | WIDE INTERVAL: the 95% interval spans 0.217, at or above the pre-declared 0.15 flag"
m4_fusion,acquisition_era_calendar,Acquisition era (five-year calendar spans),2017 to 2021,not applicable,harrell_c,1825,484,94,94,3,0.751348,0.700873,0.799921,0.099049,False,False,,"UNCONFIRMED DATE COMPARABILITY. The era label is derived from StudyDate_anon, which carries a PER-PATIENT RANDOM SHIFT (see src/inventory.py and outputs/data_quality_report.md: ""Absolute calendar dates are meaningless, but within-patient day intervals are valid""). Protocol section 17 demands written confirmation that de-identified dates are comparable across patients; deviation D17 recorded that it ""has not been obtained"", and as of 2026-08-11 it still has not. This stratum is therefore a stratification on a shifted date of unknown per-patient offset, not on true acquisition year, and it must not be read as an acquisition-technology or equipment-generation effect. It is additionally confounded with retrospective record availability: on the test split median follow-up falls from 1,826 days in 2007-2011 to 430 days in 2017-2021 while the share observed through five years falls from 97.2% to 1.0%, and the earliest era carries zero events. Post hoc under D35. | POST HOC EXPLORATORY (deviation D35): specified after the single permitted read of the sealed test split, not before it | Harrell C is horizon free; horizon_days carries the primary horizon only because the schema has one column for it, not as a claim"
m4_fusion,acquisition_era_devtertile,Acquisition era (development tertile edges),2015 and earlier,not applicable,auc,1825,170,6,6,125,,,,,False,True,protocol section 21: fewer than 50 events (6 in this level),"UNCONFIRMED DATE COMPARABILITY. The era label is derived from StudyDate_anon, which carries a PER-PATIENT RANDOM SHIFT (see src/inventory.py and outputs/data_quality_report.md: ""Absolute calendar dates are meaningless, but within-patient day intervals are valid""). Protocol section 17 demands written confirmation that de-identified dates are comparable across patients; deviation D17 recorded that it ""has not been obtained"", and as of 2026-08-11 it still has not. This stratum is therefore a stratification on a shifted date of unknown per-patient offset, not on true acquisition year, and it must not be read as an acquisition-technology or equipment-generation effect. It is additionally confounded with retrospective record availability: on the test split median follow-up falls from 1,826 days in 2007-2011 to 430 days in 2017-2021 while the share observed through five years falls from 97.2% to 1.0%, and the earliest era carries zero events. Post hoc under D35. | POST HOC EXPLORATORY (deviation D35): specified after the single permitted read of the sealed test split, not before it"
m4_fusion,acquisition_era_devtertile,Acquisition era (development tertile edges),2015 and earlier,not applicable,harrell_c,1825,170,6,6,125,,,,,False,True,protocol section 21: fewer than 50 events (6 in this level),"UNCONFIRMED DATE COMPARABILITY. The era label is derived from StudyDate_anon, which carries a PER-PATIENT RANDOM SHIFT (see src/inventory.py and outputs/data_quality_report.md: ""Absolute calendar dates are meaningless, but within-patient day intervals are valid""). Protocol section 17 demands written confirmation that de-identified dates are comparable across patients; deviation D17 recorded that it ""has not been obtained"", and as of 2026-08-11 it still has not. This stratum is therefore a stratification on a shifted date of unknown per-patient offset, not on true acquisition year, and it must not be read as an acquisition-technology or equipment-generation effect. It is additionally confounded with retrospective record availability: on the test split median follow-up falls from 1,826 days in 2007-2011 to 430 days in 2017-2021 while the share observed through five years falls from 97.2% to 1.0%, and the earliest era carries zero events. Post hoc under D35. | POST HOC EXPLORATORY (deviation D35): specified after the single permitted read of the sealed test split, not before it | Harrell C is horizon free; horizon_days carries the primary horizon only because the schema has one column for it, not as a claim"
m4_fusion,acquisition_era_devtertile,Acquisition era (development tertile edges),2016 to 2018,not applicable,auc,1825,279,49,49,36,,,,,False,True,protocol section 21: fewer than 50 events (49 in this level),"UNCONFIRMED DATE COMPARABILITY. The era label is derived from StudyDate_anon, which carries a PER-PATIENT RANDOM SHIFT (see src/inventory.py and outputs/data_quality_report.md: ""Absolute calendar dates are meaningless, but within-patient day intervals are valid""). Protocol section 17 demands written confirmation that de-identified dates are comparable across patients; deviation D17 recorded that it ""has not been obtained"", and as of 2026-08-11 it still has not. This stratum is therefore a stratification on a shifted date of unknown per-patient offset, not on true acquisition year, and it must not be read as an acquisition-technology or equipment-generation effect. It is additionally confounded with retrospective record availability: on the test split median follow-up falls from 1,826 days in 2007-2011 to 430 days in 2017-2021 while the share observed through five years falls from 97.2% to 1.0%, and the earliest era carries zero events. Post hoc under D35. | POST HOC EXPLORATORY (deviation D35): specified after the single permitted read of the sealed test split, not before it"
m4_fusion,acquisition_era_devtertile,Acquisition era (development tertile edges),2016 to 2018,not applicable,harrell_c,1825,279,49,49,36,,,,,False,True,protocol section 21: fewer than 50 events (49 in this level),"UNCONFIRMED DATE COMPARABILITY. The era label is derived from StudyDate_anon, which carries a PER-PATIENT RANDOM SHIFT (see src/inventory.py and outputs/data_quality_report.md: ""Absolute calendar dates are meaningless, but within-patient day intervals are valid""). Protocol section 17 demands written confirmation that de-identified dates are comparable across patients; deviation D17 recorded that it ""has not been obtained"", and as of 2026-08-11 it still has not. This stratum is therefore a stratification on a shifted date of unknown per-patient offset, not on true acquisition year, and it must not be read as an acquisition-technology or equipment-generation effect. It is additionally confounded with retrospective record availability: on the test split median follow-up falls from 1,826 days in 2007-2011 to 430 days in 2017-2021 while the share observed through five years falls from 97.2% to 1.0%, and the earliest era carries zero events. Post hoc under D35. | POST HOC EXPLORATORY (deviation D35): specified after the single permitted read of the sealed test split, not before it | Harrell C is horizon free; horizon_days carries the primary horizon only because the schema has one column for it, not as a claim"
m4_fusion,acquisition_era_devtertile,Acquisition era (development tertile edges),2019 and later,not applicable,auc,1825,291,51,51,0,,,,,False,True,"not estimable: the IPCW AUROC at 1825 d compares patients with an event by 1825 days against patients observed event-free beyond it, and this level holds 51 of the former and 0 of the latter. This is undefined, not imprecise; read the horizon-free Harrell C row","UNCONFIRMED DATE COMPARABILITY. The era label is derived from StudyDate_anon, which carries a PER-PATIENT RANDOM SHIFT (see src/inventory.py and outputs/data_quality_report.md: ""Absolute calendar dates are meaningless, but within-patient day intervals are valid""). Protocol section 17 demands written confirmation that de-identified dates are comparable across patients; deviation D17 recorded that it ""has not been obtained"", and as of 2026-08-11 it still has not. This stratum is therefore a stratification on a shifted date of unknown per-patient offset, not on true acquisition year, and it must not be read as an acquisition-technology or equipment-generation effect. It is additionally confounded with retrospective record availability: on the test split median follow-up falls from 1,826 days in 2007-2011 to 430 days in 2017-2021 while the share observed through five years falls from 97.2% to 1.0%, and the earliest era carries zero events. Post hoc under D35. | POST HOC EXPLORATORY (deviation D35): specified after the single permitted read of the sealed test split, not before it"
m4_fusion,acquisition_era_devtertile,Acquisition era (development tertile edges),2019 and later,not applicable,harrell_c,1825,291,51,51,0,0.750251,0.679704,0.810556,0.130853,False,False,,"UNCONFIRMED DATE COMPARABILITY. The era label is derived from StudyDate_anon, which carries a PER-PATIENT RANDOM SHIFT (see src/inventory.py and outputs/data_quality_report.md: ""Absolute calendar dates are meaningless, but within-patient day intervals are valid""). Protocol section 17 demands written confirmation that de-identified dates are comparable across patients; deviation D17 recorded that it ""has not been obtained"", and as of 2026-08-11 it still has not. This stratum is therefore a stratification on a shifted date of unknown per-patient offset, not on true acquisition year, and it must not be read as an acquisition-technology or equipment-generation effect. It is additionally confounded with retrospective record availability: on the test split median follow-up falls from 1,826 days in 2007-2011 to 430 days in 2017-2021 while the share observed through five years falls from 97.2% to 1.0%, and the earliest era carries zero events. Post hoc under D35. | POST HOC EXPLORATORY (deviation D35): specified after the single permitted read of the sealed test split, not before it | Harrell C is horizon free; horizon_days carries the primary horizon only because the schema has one column for it, not as a claim"
m4_fusion,acquisition_era_devmedian,Acquisition era (development median edge),2017 and earlier,not applicable,auc,1825,342,34,34,161,,,,,False,True,protocol section 21: fewer than 50 events (34 in this level),"UNCONFIRMED DATE COMPARABILITY. The era label is derived from StudyDate_anon, which carries a PER-PATIENT RANDOM SHIFT (see src/inventory.py and outputs/data_quality_report.md: ""Absolute calendar dates are meaningless, but within-patient day intervals are valid""). Protocol section 17 demands written confirmation that de-identified dates are comparable across patients; deviation D17 recorded that it ""has not been obtained"", and as of 2026-08-11 it still has not. This stratum is therefore a stratification on a shifted date of unknown per-patient offset, not on true acquisition year, and it must not be read as an acquisition-technology or equipment-generation effect. It is additionally confounded with retrospective record availability: on the test split median follow-up falls from 1,826 days in 2007-2011 to 430 days in 2017-2021 while the share observed through five years falls from 97.2% to 1.0%, and the earliest era carries zero events. Post hoc under D35. | POST HOC EXPLORATORY (deviation D35): specified after the single permitted read of the sealed test split, not before it"
m4_fusion,acquisition_era_devmedian,Acquisition era (development median edge),2017 and earlier,not applicable,harrell_c,1825,342,34,34,161,,,,,False,True,protocol section 21: fewer than 50 events (34 in this level),"UNCONFIRMED DATE COMPARABILITY. The era label is derived from StudyDate_anon, which carries a PER-PATIENT RANDOM SHIFT (see src/inventory.py and outputs/data_quality_report.md: ""Absolute calendar dates are meaningless, but within-patient day intervals are valid""). Protocol section 17 demands written confirmation that de-identified dates are comparable across patients; deviation D17 recorded that it ""has not been obtained"", and as of 2026-08-11 it still has not. This stratum is therefore a stratification on a shifted date of unknown per-patient offset, not on true acquisition year, and it must not be read as an acquisition-technology or equipment-generation effect. It is additionally confounded with retrospective record availability: on the test split median follow-up falls from 1,826 days in 2007-2011 to 430 days in 2017-2021 while the share observed through five years falls from 97.2% to 1.0%, and the earliest era carries zero events. Post hoc under D35. | POST HOC EXPLORATORY (deviation D35): specified after the single permitted read of the sealed test split, not before it | Harrell C is horizon free; horizon_days carries the primary horizon only because the schema has one column for it, not as a claim"
m4_fusion,acquisition_era_devmedian,Acquisition era (development median edge),2018 and later,not applicable,auc,1825,398,72,72,0,,,,,False,True,"not estimable: the IPCW AUROC at 1825 d compares patients with an event by 1825 days against patients observed event-free beyond it, and this level holds 72 of the former and 0 of the latter. This is undefined, not imprecise; read the horizon-free Harrell C row","UNCONFIRMED DATE COMPARABILITY. The era label is derived from StudyDate_anon, which carries a PER-PATIENT RANDOM SHIFT (see src/inventory.py and outputs/data_quality_report.md: ""Absolute calendar dates are meaningless, but within-patient day intervals are valid""). Protocol section 17 demands written confirmation that de-identified dates are comparable across patients; deviation D17 recorded that it ""has not been obtained"", and as of 2026-08-11 it still has not. This stratum is therefore a stratification on a shifted date of unknown per-patient offset, not on true acquisition year, and it must not be read as an acquisition-technology or equipment-generation effect. It is additionally confounded with retrospective record availability: on the test split median follow-up falls from 1,826 days in 2007-2011 to 430 days in 2017-2021 while the share observed through five years falls from 97.2% to 1.0%, and the earliest era carries zero events. Post hoc under D35. | POST HOC EXPLORATORY (deviation D35): specified after the single permitted read of the sealed test split, not before it"
m4_fusion,acquisition_era_devmedian,Acquisition era (development median edge),2018 and later,not applicable,harrell_c,1825,398,72,72,0,0.745886,0.686837,0.79858,0.111743,False,False,,"UNCONFIRMED DATE COMPARABILITY. The era label is derived from StudyDate_anon, which carries a PER-PATIENT RANDOM SHIFT (see src/inventory.py and outputs/data_quality_report.md: ""Absolute calendar dates are meaningless, but within-patient day intervals are valid""). Protocol section 17 demands written confirmation that de-identified dates are comparable across patients; deviation D17 recorded that it ""has not been obtained"", and as of 2026-08-11 it still has not. This stratum is therefore a stratification on a shifted date of unknown per-patient offset, not on true acquisition year, and it must not be read as an acquisition-technology or equipment-generation effect. It is additionally confounded with retrospective record availability: on the test split median follow-up falls from 1,826 days in 2007-2011 to 430 days in 2017-2021 while the share observed through five years falls from 97.2% to 1.0%, and the earliest era carries zero events. Post hoc under D35. | POST HOC EXPLORATORY (deviation D35): specified after the single permitted read of the sealed test split, not before it | Harrell C is horizon free; horizon_days carries the primary horizon only because the schema has one column for it, not as a claim"
m4_fusion,image_masking,Border and marker masking,Border band only,all_crops,auc,1825,475,55,55,111,0.853736,0.778287,0.921292,0.143005,False,False,,"masked_pct is the fraction of the finished 512x512 crop set to zero. Every crop carries the fixed 31-px border band (border_only_masked_pct below); anything above that floor is additional burned-in marker or text masking. UNDER THE all_crops SCOPE THIS STRATUM IS CONFOUNDED WITH VIEW AVAILABILITY: lateral films carry markers far more often than frontal ones, so on the m2_frontal roster (734 test patients with a frontal crop) 212 of 316 multi-view patients sit above the floor against 51 of 418 frontal-only, summing to this family's 263; on the 740-patient m4_fusion roster it is 214 of 322 and 51 of 418, summing to 265. The frontal_only scope is the unconfounded version of this contrast; its additional-masking level holds 21 events and is suppressed by the 50-event floor, so the two-sided comparison exists only under the confounded definition and must not be reported as unconfounded. Post hoc under D35. | POST HOC EXPLORATORY (deviation D35): specified after the single permitted read of the sealed test split, not before it | estimated on 55 case(s) with an event by 1825 d against 111 control(s) observed event-free beyond it"
m4_fusion,image_masking,Border and marker masking,Border band only,all_crops,harrell_c,1825,475,55,55,111,0.806924,0.740965,0.864527,0.123563,False,False,,"masked_pct is the fraction of the finished 512x512 crop set to zero. Every crop carries the fixed 31-px border band (border_only_masked_pct below); anything above that floor is additional burned-in marker or text masking. UNDER THE all_crops SCOPE THIS STRATUM IS CONFOUNDED WITH VIEW AVAILABILITY: lateral films carry markers far more often than frontal ones, so on the m2_frontal roster (734 test patients with a frontal crop) 212 of 316 multi-view patients sit above the floor against 51 of 418 frontal-only, summing to this family's 263; on the 740-patient m4_fusion roster it is 214 of 322 and 51 of 418, summing to 265. The frontal_only scope is the unconfounded version of this contrast; its additional-masking level holds 21 events and is suppressed by the 50-event floor, so the two-sided comparison exists only under the confounded definition and must not be reported as unconfounded. Post hoc under D35. | POST HOC EXPLORATORY (deviation D35): specified after the single permitted read of the sealed test split, not before it | Harrell C is horizon free; horizon_days carries the primary horizon only because the schema has one column for it, not as a claim"
m4_fusion,image_masking,Border and marker masking,Additional marker masking,all_crops,auc,1825,265,51,51,50,0.816294,0.720825,0.896912,0.176087,True,False,,"masked_pct is the fraction of the finished 512x512 crop set to zero. Every crop carries the fixed 31-px border band (border_only_masked_pct below); anything above that floor is additional burned-in marker or text masking. UNDER THE all_crops SCOPE THIS STRATUM IS CONFOUNDED WITH VIEW AVAILABILITY: lateral films carry markers far more often than frontal ones, so on the m2_frontal roster (734 test patients with a frontal crop) 212 of 316 multi-view patients sit above the floor against 51 of 418 frontal-only, summing to this family's 263; on the 740-patient m4_fusion roster it is 214 of 322 and 51 of 418, summing to 265. The frontal_only scope is the unconfounded version of this contrast; its additional-masking level holds 21 events and is suppressed by the 50-event floor, so the two-sided comparison exists only under the confounded definition and must not be reported as unconfounded. Post hoc under D35. | POST HOC EXPLORATORY (deviation D35): specified after the single permitted read of the sealed test split, not before it | estimated on 51 case(s) with an event by 1825 d against 50 control(s) observed event-free beyond it | WIDE INTERVAL: the 95% interval spans 0.176, at or above the pre-declared 0.15 flag"
m4_fusion,image_masking,Border and marker masking,Additional marker masking,all_crops,harrell_c,1825,265,51,51,50,0.720966,0.655272,0.777827,0.122554,False,False,,"masked_pct is the fraction of the finished 512x512 crop set to zero. Every crop carries the fixed 31-px border band (border_only_masked_pct below); anything above that floor is additional burned-in marker or text masking. UNDER THE all_crops SCOPE THIS STRATUM IS CONFOUNDED WITH VIEW AVAILABILITY: lateral films carry markers far more often than frontal ones, so on the m2_frontal roster (734 test patients with a frontal crop) 212 of 316 multi-view patients sit above the floor against 51 of 418 frontal-only, summing to this family's 263; on the 740-patient m4_fusion roster it is 214 of 322 and 51 of 418, summing to 265. The frontal_only scope is the unconfounded version of this contrast; its additional-masking level holds 21 events and is suppressed by the 50-event floor, so the two-sided comparison exists only under the confounded definition and must not be reported as unconfounded. Post hoc under D35. | POST HOC EXPLORATORY (deviation D35): specified after the single permitted read of the sealed test split, not before it | Harrell C is horizon free; horizon_days carries the primary horizon only because the schema has one column for it, not as a claim"
m4_fusion,image_masking,Border and marker masking,Border band only,frontal_only,auc,1825,619,85,85,137,0.836017,0.775381,0.891896,0.116515,False,False,,"masked_pct is the fraction of the finished 512x512 crop set to zero. Every crop carries the fixed 31-px border band (border_only_masked_pct below); anything above that floor is additional burned-in marker or text masking. UNDER THE all_crops SCOPE THIS STRATUM IS CONFOUNDED WITH VIEW AVAILABILITY: lateral films carry markers far more often than frontal ones, so on the m2_frontal roster (734 test patients with a frontal crop) 212 of 316 multi-view patients sit above the floor against 51 of 418 frontal-only, summing to this family's 263; on the 740-patient m4_fusion roster it is 214 of 322 and 51 of 418, summing to 265. The frontal_only scope is the unconfounded version of this contrast; its additional-masking level holds 21 events and is suppressed by the 50-event floor, so the two-sided comparison exists only under the confounded definition and must not be reported as unconfounded. Post hoc under D35. | POST HOC EXPLORATORY (deviation D35): specified after the single permitted read of the sealed test split, not before it | estimated on 85 case(s) with an event by 1825 d against 137 control(s) observed event-free beyond it"
m4_fusion,image_masking,Border and marker masking,Border band only,frontal_only,harrell_c,1825,619,85,85,137,0.791036,0.74212,0.833912,0.091792,False,False,,"masked_pct is the fraction of the finished 512x512 crop set to zero. Every crop carries the fixed 31-px border band (border_only_masked_pct below); anything above that floor is additional burned-in marker or text masking. UNDER THE all_crops SCOPE THIS STRATUM IS CONFOUNDED WITH VIEW AVAILABILITY: lateral films carry markers far more often than frontal ones, so on the m2_frontal roster (734 test patients with a frontal crop) 212 of 316 multi-view patients sit above the floor against 51 of 418 frontal-only, summing to this family's 263; on the 740-patient m4_fusion roster it is 214 of 322 and 51 of 418, summing to 265. The frontal_only scope is the unconfounded version of this contrast; its additional-masking level holds 21 events and is suppressed by the 50-event floor, so the two-sided comparison exists only under the confounded definition and must not be reported as unconfounded. Post hoc under D35. | POST HOC EXPLORATORY (deviation D35): specified after the single permitted read of the sealed test split, not before it | Harrell C is horizon free; horizon_days carries the primary horizon only because the schema has one column for it, not as a claim"
m4_fusion,image_masking,Border and marker masking,Additional marker masking,frontal_only,auc,1825,115,21,21,20,,,,,False,True,protocol section 21: fewer than 50 events (21 in this level),"masked_pct is the fraction of the finished 512x512 crop set to zero. Every crop carries the fixed 31-px border band (border_only_masked_pct below); anything above that floor is additional burned-in marker or text masking. UNDER THE all_crops SCOPE THIS STRATUM IS CONFOUNDED WITH VIEW AVAILABILITY: lateral films carry markers far more often than frontal ones, so on the m2_frontal roster (734 test patients with a frontal crop) 212 of 316 multi-view patients sit above the floor against 51 of 418 frontal-only, summing to this family's 263; on the 740-patient m4_fusion roster it is 214 of 322 and 51 of 418, summing to 265. The frontal_only scope is the unconfounded version of this contrast; its additional-masking level holds 21 events and is suppressed by the 50-event floor, so the two-sided comparison exists only under the confounded definition and must not be reported as unconfounded. Post hoc under D35. | POST HOC EXPLORATORY (deviation D35): specified after the single permitted read of the sealed test split, not before it"
m4_fusion,image_masking,Border and marker masking,Additional marker masking,frontal_only,harrell_c,1825,115,21,21,20,,,,,False,True,protocol section 21: fewer than 50 events (21 in this level),"masked_pct is the fraction of the finished 512x512 crop set to zero. Every crop carries the fixed 31-px border band (border_only_masked_pct below); anything above that floor is additional burned-in marker or text masking. UNDER THE all_crops SCOPE THIS STRATUM IS CONFOUNDED WITH VIEW AVAILABILITY: lateral films carry markers far more often than frontal ones, so on the m2_frontal roster (734 test patients with a frontal crop) 212 of 316 multi-view patients sit above the floor against 51 of 418 frontal-only, summing to this family's 263; on the 740-patient m4_fusion roster it is 214 of 322 and 51 of 418, summing to 265. The frontal_only scope is the unconfounded version of this contrast; its additional-masking level holds 21 events and is suppressed by the 50-event floor, so the two-sided comparison exists only under the confounded definition and must not be reported as unconfounded. Post hoc under D35. | POST HOC EXPLORATORY (deviation D35): specified after the single permitted read of the sealed test split, not before it | Harrell C is horizon free; horizon_days carries the primary horizon only because the schema has one column for it, not as a claim"
m4_fusion,image_crop_confidence,Joint localization confidence,Confidence 1.0,all_crops,auc,1825,724,104,104,159,0.842815,0.78879,0.892673,0.103884,False,False,,"crop_confidence is 1.0 exactly whenever crop_method is center_default and below 1.0 whenever it is intensity_profile; the two columns are the SAME partition on every split (1:1 on all 6,071 preprocessed images), so this family and image_crop_method carry identical masks and are reported together only because the editor named image quality and localization separately. Post hoc under D35. | POST HOC EXPLORATORY (deviation D35): specified after the single permitted read of the sealed test split, not before it | estimated on 104 case(s) with an event by 1825 d against 159 control(s) observed event-free beyond it"
m4_fusion,image_crop_confidence,Joint localization confidence,Confidence 1.0,all_crops,harrell_c,1825,724,104,104,159,0.78621,0.745437,0.824825,0.079388,False,False,,"crop_confidence is 1.0 exactly whenever crop_method is center_default and below 1.0 whenever it is intensity_profile; the two columns are the SAME partition on every split (1:1 on all 6,071 preprocessed images), so this family and image_crop_method carry identical masks and are reported together only because the editor named image quality and localization separately. Post hoc under D35. | POST HOC EXPLORATORY (deviation D35): specified after the single permitted read of the sealed test split, not before it | Harrell C is horizon free; horizon_days carries the primary horizon only because the schema has one column for it, not as a claim"
m4_fusion,image_crop_confidence,Joint localization confidence,Confidence below 1.0,all_crops,auc,1825,16,2,2,2,,,,,False,True,protocol section 21: fewer than 50 events (2 in this level),"crop_confidence is 1.0 exactly whenever crop_method is center_default and below 1.0 whenever it is intensity_profile; the two columns are the SAME partition on every split (1:1 on all 6,071 preprocessed images), so this family and image_crop_method carry identical masks and are reported together only because the editor named image quality and localization separately. Post hoc under D35. | POST HOC EXPLORATORY (deviation D35): specified after the single permitted read of the sealed test split, not before it"
m4_fusion,image_crop_confidence,Joint localization confidence,Confidence below 1.0,all_crops,harrell_c,1825,16,2,2,2,,,,,False,True,protocol section 21: fewer than 50 events (2 in this level),"crop_confidence is 1.0 exactly whenever crop_method is center_default and below 1.0 whenever it is intensity_profile; the two columns are the SAME partition on every split (1:1 on all 6,071 preprocessed images), so this family and image_crop_method carry identical masks and are reported together only because the editor named image quality and localization separately. Post hoc under D35. | POST HOC EXPLORATORY (deviation D35): specified after the single permitted read of the sealed test split, not before it | Harrell C is horizon free; horizon_days carries the primary horizon only because the schema has one column for it, not as a claim"
m4_fusion,image_crop_confidence,Joint localization confidence,Confidence 1.0,frontal_only,auc,1825,722,104,104,155,0.847964,0.793259,0.897861,0.104603,False,False,,"crop_confidence is 1.0 exactly whenever crop_method is center_default and below 1.0 whenever it is intensity_profile; the two columns are the SAME partition on every split (1:1 on all 6,071 preprocessed images), so this family and image_crop_method carry identical masks and are reported together only because the editor named image quality and localization separately. Post hoc under D35. | POST HOC EXPLORATORY (deviation D35): specified after the single permitted read of the sealed test split, not before it | estimated on 104 case(s) with an event by 1825 d against 155 control(s) observed event-free beyond it"
m4_fusion,image_crop_confidence,Joint localization confidence,Confidence 1.0,frontal_only,harrell_c,1825,722,104,104,155,0.787944,0.747512,0.826318,0.078806,False,False,,"crop_confidence is 1.0 exactly whenever crop_method is center_default and below 1.0 whenever it is intensity_profile; the two columns are the SAME partition on every split (1:1 on all 6,071 preprocessed images), so this family and image_crop_method carry identical masks and are reported together only because the editor named image quality and localization separately. Post hoc under D35. | POST HOC EXPLORATORY (deviation D35): specified after the single permitted read of the sealed test split, not before it | Harrell C is horizon free; horizon_days carries the primary horizon only because the schema has one column for it, not as a claim"
m4_fusion,image_crop_confidence,Joint localization confidence,Confidence below 1.0,frontal_only,auc,1825,12,2,2,2,,,,,False,True,protocol section 21: fewer than 50 events (2 in this level),"crop_confidence is 1.0 exactly whenever crop_method is center_default and below 1.0 whenever it is intensity_profile; the two columns are the SAME partition on every split (1:1 on all 6,071 preprocessed images), so this family and image_crop_method carry identical masks and are reported together only because the editor named image quality and localization separately. Post hoc under D35. | POST HOC EXPLORATORY (deviation D35): specified after the single permitted read of the sealed test split, not before it"
m4_fusion,image_crop_confidence,Joint localization confidence,Confidence below 1.0,frontal_only,harrell_c,1825,12,2,2,2,,,,,False,True,protocol section 21: fewer than 50 events (2 in this level),"crop_confidence is 1.0 exactly whenever crop_method is center_default and below 1.0 whenever it is intensity_profile; the two columns are the SAME partition on every split (1:1 on all 6,071 preprocessed images), so this family and image_crop_method carry identical masks and are reported together only because the editor named image quality and localization separately. Post hoc under D35. | POST HOC EXPLORATORY (deviation D35): specified after the single permitted read of the sealed test split, not before it | Harrell C is horizon free; horizon_days carries the primary horizon only because the schema has one column for it, not as a claim"
m4_fusion,image_crop_method,Joint localization method,Center default only,all_crops,auc,1825,724,104,104,159,0.842815,0.78879,0.892673,0.103884,False,False,,"BADLY IMBALANCED AND REPORTED AS SUCH: intensity_profile localization was used on 86 of 6,071 preprocessed images overall and on 17 of 1,216 test images (16 test patients under the all_crops scope). No partition of this family can put 50 events in the intensity_profile level, so its suppression is arithmetically forced rather than a shortfall of effort. Identical mask to image_crop_confidence. Post hoc under D35. | POST HOC EXPLORATORY (deviation D35): specified after the single permitted read of the sealed test split, not before it | estimated on 104 case(s) with an event by 1825 d against 159 control(s) observed event-free beyond it"
m4_fusion,image_crop_method,Joint localization method,Center default only,all_crops,harrell_c,1825,724,104,104,159,0.78621,0.745437,0.824825,0.079388,False,False,,"BADLY IMBALANCED AND REPORTED AS SUCH: intensity_profile localization was used on 86 of 6,071 preprocessed images overall and on 17 of 1,216 test images (16 test patients under the all_crops scope). No partition of this family can put 50 events in the intensity_profile level, so its suppression is arithmetically forced rather than a shortfall of effort. Identical mask to image_crop_confidence. Post hoc under D35. | POST HOC EXPLORATORY (deviation D35): specified after the single permitted read of the sealed test split, not before it | Harrell C is horizon free; horizon_days carries the primary horizon only because the schema has one column for it, not as a claim"
m4_fusion,image_crop_method,Joint localization method,Any intensity profile,all_crops,auc,1825,16,2,2,2,,,,,False,True,protocol section 21: fewer than 50 events (2 in this level),"BADLY IMBALANCED AND REPORTED AS SUCH: intensity_profile localization was used on 86 of 6,071 preprocessed images overall and on 17 of 1,216 test images (16 test patients under the all_crops scope). No partition of this family can put 50 events in the intensity_profile level, so its suppression is arithmetically forced rather than a shortfall of effort. Identical mask to image_crop_confidence. Post hoc under D35. | POST HOC EXPLORATORY (deviation D35): specified after the single permitted read of the sealed test split, not before it"
m4_fusion,image_crop_method,Joint localization method,Any intensity profile,all_crops,harrell_c,1825,16,2,2,2,,,,,False,True,protocol section 21: fewer than 50 events (2 in this level),"BADLY IMBALANCED AND REPORTED AS SUCH: intensity_profile localization was used on 86 of 6,071 preprocessed images overall and on 17 of 1,216 test images (16 test patients under the all_crops scope). No partition of this family can put 50 events in the intensity_profile level, so its suppression is arithmetically forced rather than a shortfall of effort. Identical mask to image_crop_confidence. Post hoc under D35. | POST HOC EXPLORATORY (deviation D35): specified after the single permitted read of the sealed test split, not before it | Harrell C is horizon free; horizon_days carries the primary horizon only because the schema has one column for it, not as a claim"
m4_fusion,image_crop_method,Joint localization method,Center default only,frontal_only,auc,1825,722,104,104,155,0.847964,0.793259,0.897861,0.104603,False,False,,"BADLY IMBALANCED AND REPORTED AS SUCH: intensity_profile localization was used on 86 of 6,071 preprocessed images overall and on 17 of 1,216 test images (16 test patients under the all_crops scope). No partition of this family can put 50 events in the intensity_profile level, so its suppression is arithmetically forced rather than a shortfall of effort. Identical mask to image_crop_confidence. Post hoc under D35. | POST HOC EXPLORATORY (deviation D35): specified after the single permitted read of the sealed test split, not before it | estimated on 104 case(s) with an event by 1825 d against 155 control(s) observed event-free beyond it"
m4_fusion,image_crop_method,Joint localization method,Center default only,frontal_only,harrell_c,1825,722,104,104,155,0.787944,0.747512,0.826318,0.078806,False,False,,"BADLY IMBALANCED AND REPORTED AS SUCH: intensity_profile localization was used on 86 of 6,071 preprocessed images overall and on 17 of 1,216 test images (16 test patients under the all_crops scope). No partition of this family can put 50 events in the intensity_profile level, so its suppression is arithmetically forced rather than a shortfall of effort. Identical mask to image_crop_confidence. Post hoc under D35. | POST HOC EXPLORATORY (deviation D35): specified after the single permitted read of the sealed test split, not before it | Harrell C is horizon free; horizon_days carries the primary horizon only because the schema has one column for it, not as a claim"
m4_fusion,image_crop_method,Joint localization method,Any intensity profile,frontal_only,auc,1825,12,2,2,2,,,,,False,True,protocol section 21: fewer than 50 events (2 in this level),"BADLY IMBALANCED AND REPORTED AS SUCH: intensity_profile localization was used on 86 of 6,071 preprocessed images overall and on 17 of 1,216 test images (16 test patients under the all_crops scope). No partition of this family can put 50 events in the intensity_profile level, so its suppression is arithmetically forced rather than a shortfall of effort. Identical mask to image_crop_confidence. Post hoc under D35. | POST HOC EXPLORATORY (deviation D35): specified after the single permitted read of the sealed test split, not before it"
m4_fusion,image_crop_method,Joint localization method,Any intensity profile,frontal_only,harrell_c,1825,12,2,2,2,,,,,False,True,protocol section 21: fewer than 50 events (2 in this level),"BADLY IMBALANCED AND REPORTED AS SUCH: intensity_profile localization was used on 86 of 6,071 preprocessed images overall and on 17 of 1,216 test images (16 test patients under the all_crops scope). No partition of this family can put 50 events in the intensity_profile level, so its suppression is arithmetically forced rather than a shortfall of effort. Identical mask to image_crop_confidence. Post hoc under D35. | POST HOC EXPLORATORY (deviation D35): specified after the single permitted read of the sealed test split, not before it | Harrell C is horizon free; horizon_days carries the primary horizon only because the schema has one column for it, not as a claim"
m4_fusion,image_inverted,Photometric inversion applied,No inversion,all_crops,auc,1825,592,90,90,98,0.804807,0.739953,0.871011,0.131058,False,False,,"inverted records that the preprocessing corrected a MONOCHROME1 presentation so bone reads bright. Post hoc under D35. | POST HOC EXPLORATORY (deviation D35): specified after the single permitted read of the sealed test split, not before it | estimated on 90 case(s) with an event by 1825 d against 98 control(s) observed event-free beyond it"
m4_fusion,image_inverted,Photometric inversion applied,No inversion,all_crops,harrell_c,1825,592,90,90,98,0.780587,0.738874,0.820346,0.081471,False,False,,"inverted records that the preprocessing corrected a MONOCHROME1 presentation so bone reads bright. Post hoc under D35. | POST HOC EXPLORATORY (deviation D35): specified after the single permitted read of the sealed test split, not before it | Harrell C is horizon free; horizon_days carries the primary horizon only because the schema has one column for it, not as a claim"
m4_fusion,image_inverted,Photometric inversion applied,Inversion applied,all_crops,auc,1825,148,16,16,63,,,,,False,True,protocol section 21: fewer than 50 events (16 in this level),"inverted records that the preprocessing corrected a MONOCHROME1 presentation so bone reads bright. Post hoc under D35. | POST HOC EXPLORATORY (deviation D35): specified after the single permitted read of the sealed test split, not before it"
m4_fusion,image_inverted,Photometric inversion applied,Inversion applied,all_crops,harrell_c,1825,148,16,16,63,,,,,False,True,protocol section 21: fewer than 50 events (16 in this level),"inverted records that the preprocessing corrected a MONOCHROME1 presentation so bone reads bright. Post hoc under D35. | POST HOC EXPLORATORY (deviation D35): specified after the single permitted read of the sealed test split, not before it | Harrell C is horizon free; horizon_days carries the primary horizon only because the schema has one column for it, not as a claim"
m4_fusion,image_inverted,Photometric inversion applied,No inversion,frontal_only,auc,1825,588,90,90,96,0.811746,0.745963,0.877166,0.131203,False,False,,"inverted records that the preprocessing corrected a MONOCHROME1 presentation so bone reads bright. Post hoc under D35. | POST HOC EXPLORATORY (deviation D35): specified after the single permitted read of the sealed test split, not before it | estimated on 90 case(s) with an event by 1825 d against 96 control(s) observed event-free beyond it"
m4_fusion,image_inverted,Photometric inversion applied,No inversion,frontal_only,harrell_c,1825,588,90,90,96,0.783005,0.742133,0.822619,0.080486,False,False,,"inverted records that the preprocessing corrected a MONOCHROME1 presentation so bone reads bright. Post hoc under D35. | POST HOC EXPLORATORY (deviation D35): specified after the single permitted read of the sealed test split, not before it | Harrell C is horizon free; horizon_days carries the primary horizon only because the schema has one column for it, not as a claim"
m4_fusion,image_inverted,Photometric inversion applied,Inversion applied,frontal_only,auc,1825,146,16,16,61,,,,,False,True,protocol section 21: fewer than 50 events (16 in this level),"inverted records that the preprocessing corrected a MONOCHROME1 presentation so bone reads bright. Post hoc under D35. | POST HOC EXPLORATORY (deviation D35): specified after the single permitted read of the sealed test split, not before it"
m4_fusion,image_inverted,Photometric inversion applied,Inversion applied,frontal_only,harrell_c,1825,146,16,16,61,,,,,False,True,protocol section 21: fewer than 50 events (16 in this level),"inverted records that the preprocessing corrected a MONOCHROME1 presentation so bone reads bright. Post hoc under D35. | POST HOC EXPLORATORY (deviation D35): specified after the single permitted read of the sealed test split, not before it | Harrell C is horizon free; horizon_days carries the primary horizon only because the schema has one column for it, not as a claim"
m4_fusion,image_half_selected,Bilateral half selection,No half selection,all_crops,auc,1825,33,8,8,10,,,,,False,True,protocol section 21: fewer than 50 events (8 in this level),"half_selected records that a bilateral film was cut at a 2% midline inset to keep the contralateral knee only. It is 'none' only for films already showing one knee, which on the test split is 33 of 740 patients under the all_crops scope, so the unexposed level cannot reach the event floor. The half-select is driven by the model-inferred horizontal_flip annotation, which the protocol section 23(i) review has not yet validated (D22). Post hoc under D35. | POST HOC EXPLORATORY (deviation D35): specified after the single permitted read of the sealed test split, not before it"
m4_fusion,image_half_selected,Bilateral half selection,No half selection,all_crops,harrell_c,1825,33,8,8,10,,,,,False,True,protocol section 21: fewer than 50 events (8 in this level),"half_selected records that a bilateral film was cut at a 2% midline inset to keep the contralateral knee only. It is 'none' only for films already showing one knee, which on the test split is 33 of 740 patients under the all_crops scope, so the unexposed level cannot reach the event floor. The half-select is driven by the model-inferred horizontal_flip annotation, which the protocol section 23(i) review has not yet validated (D22). Post hoc under D35. | POST HOC EXPLORATORY (deviation D35): specified after the single permitted read of the sealed test split, not before it | Harrell C is horizon free; horizon_days carries the primary horizon only because the schema has one column for it, not as a claim"
m4_fusion,image_half_selected,Bilateral half selection,Half selection applied,all_crops,auc,1825,707,98,98,151,0.853107,0.798133,0.903558,0.105425,False,False,,"half_selected records that a bilateral film was cut at a 2% midline inset to keep the contralateral knee only. It is 'none' only for films already showing one knee, which on the test split is 33 of 740 patients under the all_crops scope, so the unexposed level cannot reach the event floor. The half-select is driven by the model-inferred horizontal_flip annotation, which the protocol section 23(i) review has not yet validated (D22). Post hoc under D35. | POST HOC EXPLORATORY (deviation D35): specified after the single permitted read of the sealed test split, not before it | estimated on 98 case(s) with an event by 1825 d against 151 control(s) observed event-free beyond it"
m4_fusion,image_half_selected,Bilateral half selection,Half selection applied,all_crops,harrell_c,1825,707,98,98,151,0.793787,0.750488,0.832681,0.082193,False,False,,"half_selected records that a bilateral film was cut at a 2% midline inset to keep the contralateral knee only. It is 'none' only for films already showing one knee, which on the test split is 33 of 740 patients under the all_crops scope, so the unexposed level cannot reach the event floor. The half-select is driven by the model-inferred horizontal_flip annotation, which the protocol section 23(i) review has not yet validated (D22). Post hoc under D35. | POST HOC EXPLORATORY (deviation D35): specified after the single permitted read of the sealed test split, not before it | Harrell C is horizon free; horizon_days carries the primary horizon only because the schema has one column for it, not as a claim"
m4_fusion,image_half_selected,Bilateral half selection,No half selection,frontal_only,auc,1825,27,8,8,6,,,,,False,True,protocol section 21: fewer than 50 events (8 in this level),"half_selected records that a bilateral film was cut at a 2% midline inset to keep the contralateral knee only. It is 'none' only for films already showing one knee, which on the test split is 33 of 740 patients under the all_crops scope, so the unexposed level cannot reach the event floor. The half-select is driven by the model-inferred horizontal_flip annotation, which the protocol section 23(i) review has not yet validated (D22). Post hoc under D35. | POST HOC EXPLORATORY (deviation D35): specified after the single permitted read of the sealed test split, not before it"
m4_fusion,image_half_selected,Bilateral half selection,No half selection,frontal_only,harrell_c,1825,27,8,8,6,,,,,False,True,protocol section 21: fewer than 50 events (8 in this level),"half_selected records that a bilateral film was cut at a 2% midline inset to keep the contralateral knee only. It is 'none' only for films already showing one knee, which on the test split is 33 of 740 patients under the all_crops scope, so the unexposed level cannot reach the event floor. The half-select is driven by the model-inferred horizontal_flip annotation, which the protocol section 23(i) review has not yet validated (D22). Post hoc under D35. | POST HOC EXPLORATORY (deviation D35): specified after the single permitted read of the sealed test split, not before it | Harrell C is horizon free; horizon_days carries the primary horizon only because the schema has one column for it, not as a claim"
m4_fusion,image_half_selected,Bilateral half selection,Half selection applied,frontal_only,auc,1825,707,98,98,151,0.853107,0.798133,0.903558,0.105425,False,False,,"half_selected records that a bilateral film was cut at a 2% midline inset to keep the contralateral knee only. It is 'none' only for films already showing one knee, which on the test split is 33 of 740 patients under the all_crops scope, so the unexposed level cannot reach the event floor. The half-select is driven by the model-inferred horizontal_flip annotation, which the protocol section 23(i) review has not yet validated (D22). Post hoc under D35. | POST HOC EXPLORATORY (deviation D35): specified after the single permitted read of the sealed test split, not before it | estimated on 98 case(s) with an event by 1825 d against 151 control(s) observed event-free beyond it"
m4_fusion,image_half_selected,Bilateral half selection,Half selection applied,frontal_only,harrell_c,1825,707,98,98,151,0.793787,0.750488,0.832681,0.082193,False,False,,"half_selected records that a bilateral film was cut at a 2% midline inset to keep the contralateral knee only. It is 'none' only for films already showing one knee, which on the test split is 33 of 740 patients under the all_crops scope, so the unexposed level cannot reach the event floor. The half-select is driven by the model-inferred horizontal_flip annotation, which the protocol section 23(i) review has not yet validated (D22). Post hoc under D35. | POST HOC EXPLORATORY (deviation D35): specified after the single permitted read of the sealed test split, not before it | Harrell C is horizon free; horizon_days carries the primary horizon only because the schema has one column for it, not as a claim"
